ID,Label,URL,"Search Volume",Followers,Taxonomy,"Related Interests"
893413247434,"personalized engagement gifts",https://www.pinterest.com/ideas/personalized-engagement-gifts/893413247434,632,0,"weddings (https://app.pinclicks.com/keyword/weddings/903260720461)
wedding gifts (https://app.pinclicks.com/keyword/wedding-gifts/958770377703)","engagement gift baskets (https://app.pinclicks.com/keyword/engagement-gift-baskets/946487869960)
just engaged gift (https://app.pinclicks.com/keyword/just-engaged-gift/933596022127)
diy engagement gifts (https://app.pinclicks.com/keyword/diy-engagement-gifts/937119102491)
engagement gifts diy (https://app.pinclicks.com/keyword/engagement-gifts-diy/902576448665)
creative engagement gifts (https://app.pinclicks.com/keyword/creative-engagement-gifts/942388333247)
engagement present ideas (https://app.pinclicks.com/keyword/engagement-present-ideas/899242644405)
engagement gift ideas for couples (https://app.pinclicks.com/keyword/engagement-gift-ideas-for-couples/897291838610)
engagement gifts for him (https://app.pinclicks.com/keyword/engagement-gifts-for-him/941317738190)
engagement gift ideas newly engaged (https://app.pinclicks.com/keyword/engagement-gift-ideas-newly-engaged/897027283652)
thoughtful engagement gifts (https://app.pinclicks.com/keyword/thoughtful-engagement-gifts/902267391525)"
894054282367,"personalized gifts for best friend",https://www.pinterest.com/ideas/personalized-gifts-for-best-friend/894054282367,638,0,"event planning (https://app.pinclicks.com/keyword/event-planning/941870572865)
gifts (https://app.pinclicks.com/keyword/gifts/915305016791)
gifts for friends (https://app.pinclicks.com/keyword/gifts-for-friends/919232753936)","unique gift ideas for best friend (https://app.pinclicks.com/keyword/unique-gift-ideas-for-best-friend/942240255562)
unique birthday gifts for best friend (https://app.pinclicks.com/keyword/unique-birthday-gifts-for-best-friend/941853907578)
gifts for my best friend (https://app.pinclicks.com/keyword/gifts-for-my-best-friend/904464845857)
personal gifts for best friend (https://app.pinclicks.com/keyword/personal-gifts-for-best-friend/946224418230)
meaningful gifts for best friend (https://app.pinclicks.com/keyword/meaningful-gifts-for-best-friend/960830843231)
thoughtful gifts for best friends (https://app.pinclicks.com/keyword/thoughtful-gifts-for-best-friends/924256129167)
best birthday gift ideas for best friend (https://app.pinclicks.com/keyword/best-birthday-gift-ideas-for-best-friend/936501475348)
birthday wishlist (https://app.pinclicks.com/keyword/birthday-wishlist/949908782912)
besties gift ideas (https://app.pinclicks.com/keyword/besties-gift-ideas/927445737980)
anniversary gift ideas for him (https://app.pinclicks.com/keyword/anniversary-gift-ideas-for-him/916689602660)"
894117582032,"personalized teacher appreciation gifts",https://www.pinterest.com/ideas/personalized-teacher-appreciation-gifts/894117582032,287,0,"event planning (https://app.pinclicks.com/keyword/event-planning/941870572865)
gifts (https://app.pinclicks.com/keyword/gifts/915305016791)
gifts for adults (https://app.pinclicks.com/keyword/gifts-for-adults/898524447846)","teacher appreciation gifts diy creative (https://app.pinclicks.com/keyword/teacher-appreciation-gifts-diy-creative/925675608912)
teacher appreciation basket ideas (https://app.pinclicks.com/keyword/teacher-appreciation-basket-ideas/896357318231)
teacher appreciation gifts cricut (https://app.pinclicks.com/keyword/teacher-appreciation-gifts-cricut/903052636170)
custom teacher gifts (https://app.pinclicks.com/keyword/custom-teacher-gifts/937201669155)
gift ideas for teachers appreciation (https://app.pinclicks.com/keyword/gift-ideas-for-teachers-appreciation/915523503818)
teacher appreciation gift baskets (https://app.pinclicks.com/keyword/teacher-appreciation-gift-baskets/933733617568)
cute teacher gift ideas (https://app.pinclicks.com/keyword/cute-teacher-gift-ideas/904844708698)
cute teacher appreciation gifts (https://app.pinclicks.com/keyword/cute-teacher-appreciation-gifts/953386148513)
teacher appreciation week ideas gifts (https://app.pinclicks.com/keyword/teacher-appreciation-week-ideas-gifts/901286794848)
easy teacher appreciation gifts diy (https://app.pinclicks.com/keyword/easy-teacher-appreciation-gifts-diy/961751993900)"
894171218980,"custom wedding gifts for the couple",https://www.pinterest.com/ideas/custom-wedding-gifts-for-the-couple/894171218980,180,0,"weddings (https://app.pinclicks.com/keyword/weddings/903260720461)
wedding favors and gifts (https://app.pinclicks.com/keyword/wedding-favors-and-gifts/945051572260)
bridal party gifts (https://app.pinclicks.com/keyword/bridal-party-gifts/907909316002)","creative wedding gifts for the couple (https://app.pinclicks.com/keyword/creative-wedding-gifts-for-the-couple/927403527818)
unique wedding gifts for bride and groom (https://app.pinclicks.com/keyword/unique-wedding-gifts-for-bride-and-groom/930677917243)
unique wedding gift ideas for couple (https://app.pinclicks.com/keyword/unique-wedding-gift-ideas-for-couple/911302714929)
unique engagement gifts for couple (https://app.pinclicks.com/keyword/unique-engagement-gifts-for-couple/910740395697)
gift ideas for married couples (https://app.pinclicks.com/keyword/gift-ideas-for-married-couples/941360079212)
gift ideas for newly weds couple (https://app.pinclicks.com/keyword/gift-ideas-for-newly-weds-couple/902307780249)
newlywed gifts (https://app.pinclicks.com/keyword/newlywed-gifts/934109073244)
wedding gift for husband (https://app.pinclicks.com/keyword/wedding-gift-for-husband/925060735065)
sentimental wedding gifts (https://app.pinclicks.com/keyword/sentimental-wedding-gifts/951492041599)
diy wedding gifts for couple (https://app.pinclicks.com/keyword/diy-wedding-gifts-for-couple/898163195910)"
895613533110,"personalized grandparent gifts",https://www.pinterest.com/ideas/personalized-grandparent-gifts/895613533110,264,0,"event planning (https://app.pinclicks.com/keyword/event-planning/941870572865)
gifts (https://app.pinclicks.com/keyword/gifts/915305016791)
gifts for adults (https://app.pinclicks.com/keyword/gifts-for-adults/898524447846)","handmade gifts for grandparents (https://app.pinclicks.com/keyword/handmade-gifts-for-grandparents/936410026226)
homemade gifts for grandparents (https://app.pinclicks.com/keyword/homemade-gifts-for-grandparents/953073645904)
homemade christmas gifts for grandparents (https://app.pinclicks.com/keyword/homemade-christmas-gifts-for-grandparents/949840902616)
diy christmas gifts for grandma (https://app.pinclicks.com/keyword/diy-christmas-gifts-for-grandma/930410619250)
baby christmas crafts for grandparents (https://app.pinclicks.com/keyword/baby-christmas-crafts-for-grandparents/921947239711)
grandparents day gifts (https://app.pinclicks.com/keyword/grandparents-day-gifts/935412729256)
christmas gift ideas for grandma (https://app.pinclicks.com/keyword/christmas-gift-ideas-for-grandma/934032426003)
diy grandpa gifts from grandkids (https://app.pinclicks.com/keyword/diy-grandpa-gifts-from-grandkids/944278952968)
handprint gifts for grandparents (https://app.pinclicks.com/keyword/handprint-gifts-for-grandparents/952714389655)
new grandparent gifts (https://app.pinclicks.com/keyword/new-grandparent-gifts/921089798700)"
895783877608,"personalized gifts for women",https://www.pinterest.com/ideas/personalized-gifts-for-women/895783877608,0,0,,
896060467431,"cute christmas gifts for coworkers",https://www.pinterest.com/ideas/cute-christmas-gifts-for-coworkers/896060467431,2624,0,"event planning (https://app.pinclicks.com/keyword/event-planning/941870572865)
gifts (https://app.pinclicks.com/keyword/gifts/915305016791)
gifts for adults (https://app.pinclicks.com/keyword/gifts-for-adults/898524447846)","coworker christmas gift ideas diy (https://app.pinclicks.com/keyword/coworker-christmas-gift-ideas-diy/932438115686)
inexpensive gifts for coworkers (https://app.pinclicks.com/keyword/inexpensive-gifts-for-coworkers/903905153260)
homemade christmas gifts for coworkers (https://app.pinclicks.com/keyword/homemade-christmas-gifts-for-coworkers/935063652177)
coworker xmas gifts (https://app.pinclicks.com/keyword/coworker-xmas-gifts/948253996557)
christmas presents for coworkers (https://app.pinclicks.com/keyword/christmas-presents-for-coworkers/941212738581)
cheap gift ideas for coworkers (https://app.pinclicks.com/keyword/cheap-gift-ideas-for-coworkers/913338035399)
small gift ideas for coworkers (https://app.pinclicks.com/keyword/small-gift-ideas-for-coworkers/951008547425)
office christmas gifts coworkers (https://app.pinclicks.com/keyword/office-christmas-gifts-coworkers/949278884809)
small coworker christmas gifts (https://app.pinclicks.com/keyword/small-coworker-christmas-gifts/928035597753)
co workers christmas gift ideas (https://app.pinclicks.com/keyword/co-workers-christmas-gift-ideas/919785845859)"
896280839108,"cute gifts for girlfriend",https://www.pinterest.com/ideas/cute-gifts-for-girlfriend/896280839108,24588,0,,
896774157725,"cute christmas gifts for boyfriend",https://www.pinterest.com/ideas/cute-christmas-gifts-for-boyfriend/896774157725,7164,0,"event planning (https://app.pinclicks.com/keyword/event-planning/941870572865)
gifts (https://app.pinclicks.com/keyword/gifts/915305016791)
gifts for friends (https://app.pinclicks.com/keyword/gifts-for-friends/919232753936)","creative gifts for boyfriend christmas (https://app.pinclicks.com/keyword/creative-gifts-for-boyfriend-christmas/926498590618)
things to get your boyfriend christmas (https://app.pinclicks.com/keyword/things-to-get-your-boyfriend-christmas/895081454273)
cute christmas ideas for boyfriend (https://app.pinclicks.com/keyword/cute-christmas-ideas-for-boyfriend/905104272263)
handmade things for boyfriend (https://app.pinclicks.com/keyword/handmade-things-for-boyfriend/899487392325)
homemade gifts for boyfriend christmas (https://app.pinclicks.com/keyword/homemade-gifts-for-boyfriend-christmas/895401630859)
homemade christmas gifts for boyfriend (https://app.pinclicks.com/keyword/homemade-christmas-gifts-for-boyfriend/916094594281)
handmade gifts for boyfriend christmas (https://app.pinclicks.com/keyword/handmade-gifts-for-boyfriend-christmas/923318418695)
diy gift ideas (https://app.pinclicks.com/keyword/diy-gift-ideas/955553037887)
christmas gifts for boyfriend diy (https://app.pinclicks.com/keyword/christmas-gifts-for-boyfriend-diy/930136360059)
best christmas gifts for boyfriend (https://app.pinclicks.com/keyword/best-christmas-gifts-for-boyfriend/916031331114)"
896909090997,"unique first birthday gifts",https://www.pinterest.com/ideas/unique-first-birthday-gifts/896909090997,914,0,,
896925938659,"personalized gifts for teachers",https://www.pinterest.com/ideas/personalized-gifts-for-teachers/896925938659,384,0,,
897802018143,"personalized gifts for boyfriend",https://www.pinterest.com/ideas/personalized-gifts-for-boyfriend/897802018143,6556,0,"event planning (https://app.pinclicks.com/keyword/event-planning/941870572865)
gifts (https://app.pinclicks.com/keyword/gifts/915305016791)
gifts for adults (https://app.pinclicks.com/keyword/gifts-for-adults/898524447846)","unique gift ideas for boyfriend (https://app.pinclicks.com/keyword/unique-gift-ideas-for-boyfriend/914265440343)
personalized gifts for him (https://app.pinclicks.com/keyword/personalized-gifts-for-him/950058489142)
meaningful gifts for boyfriend (https://app.pinclicks.com/keyword/meaningful-gifts-for-boyfriend/902076212172)
thoughtful gifts for boyfriend (https://app.pinclicks.com/keyword/thoughtful-gifts-for-boyfriend/920540824906)
customised gifts for boyfriend (https://app.pinclicks.com/keyword/customised-gifts-for-boyfriend/952866836192)
personal gifts for boyfriend (https://app.pinclicks.com/keyword/personal-gifts-for-boyfriend/922622548945)
best gifts for him (https://app.pinclicks.com/keyword/best-gifts-for-him/909427280242)
gift items for boyfriend (https://app.pinclicks.com/keyword/gift-items-for-boyfriend/953519615362)
sentimental gifts for boyfriend (https://app.pinclicks.com/keyword/sentimental-gifts-for-boyfriend/938673325229)
handmade things for boyfriend (https://app.pinclicks.com/keyword/handmade-things-for-boyfriend/899487392325)"
898237819545,"cute little gifts for friends",https://www.pinterest.com/ideas/cute-little-gifts-for-friends/898237819545,2734,0,,"simple gift ideas for friends (https://app.pinclicks.com/keyword/simple-gift-ideas-for-friends/943256272454)
small presents for friends (https://app.pinclicks.com/keyword/small-presents-for-friends/907144993273)
little gift ideas for friends (https://app.pinclicks.com/keyword/little-gift-ideas-for-friends/953510564837)
mini gifts for friends (https://app.pinclicks.com/keyword/mini-gifts-for-friends/906479581686)
good gifts for friends (https://app.pinclicks.com/keyword/good-gifts-for-friends/956911285369)
easy gift ideas for friends (https://app.pinclicks.com/keyword/easy-gift-ideas-for-friends/931950264155)
little presents for friends (https://app.pinclicks.com/keyword/little-presents-for-friends/942550563947)
handmade gift ideas for best friend (https://app.pinclicks.com/keyword/handmade-gift-ideas-for-best-friend/950167638192)
small gift ideas for friends (https://app.pinclicks.com/keyword/small-gift-ideas-for-friends/897610117299)
gifts to make for your best friend (https://app.pinclicks.com/keyword/gifts-to-make-for-your-best-friend/957179195223)"
898284945105,"cute mothers day gifts diy",https://www.pinterest.com/ideas/cute-mothers-day-gifts-diy/898284945105,8620,0,"diy and crafts (https://app.pinclicks.com/keyword/diy-and-crafts/934876475639)","mothers day gifts to make (https://app.pinclicks.com/keyword/mothers-day-gifts-to-make/919538446562)
things to make for mothers day (https://app.pinclicks.com/keyword/things-to-make-for-mothers-day/902718178678)
handmade mothers day gifts diy (https://app.pinclicks.com/keyword/handmade-mothers-day-gifts-diy/932974532449)
creative mother's day gifts (https://app.pinclicks.com/keyword/creative-mothers-day-gifts/906908796063)
creative mothers day gifts homemade (https://app.pinclicks.com/keyword/creative-mothers-day-gifts-homemade/958553571200)
mothers day diy gift ideas crafts (https://app.pinclicks.com/keyword/mothers-day-diy-gift-ideas-crafts/917622189261)
homemade mothers day gifts diy (https://app.pinclicks.com/keyword/homemade-mothers-day-gifts-diy/899134089117)
mothers day crafts ideas handmade gifts (https://app.pinclicks.com/keyword/mothers-day-crafts-ideas-handmade-gifts/911165986727)
handmade gift ideas for best friend (https://app.pinclicks.com/keyword/handmade-gift-ideas-for-best-friend/950167638192)
diy gift set (https://app.pinclicks.com/keyword/diy-gift-set/950815714582)"
898466735938,"custom bridesmaid gifts",https://www.pinterest.com/ideas/custom-bridesmaid-gifts/898466735938,414,0,,
898550422621,"unique white elephant gifts",https://www.pinterest.com/ideas/unique-white-elephant-gifts/898550422621,1634,0,"event planning (https://app.pinclicks.com/keyword/event-planning/941870572865)
gifts (https://app.pinclicks.com/keyword/gifts/915305016791)
unique gifts (https://app.pinclicks.com/keyword/unique-gifts/915423028505)","white elephant gift ideas diy (https://app.pinclicks.com/keyword/white-elephant-gift-ideas-diy/927698696264)
creative white elephant ideas (https://app.pinclicks.com/keyword/creative-white-elephant-ideas/907649803322)
diy white elephant gifts funny (https://app.pinclicks.com/keyword/diy-white-elephant-gifts-funny/916458130662)
white elephant theme ideas (https://app.pinclicks.com/keyword/white-elephant-theme-ideas/944693178362)
white elephant wrapping ideas (https://app.pinclicks.com/keyword/white-elephant-wrapping-ideas/920635370923)
white elephant gift ideas 50 dollars (https://app.pinclicks.com/keyword/white-elephant-gift-ideas-50-dollars/949663920856)
nice white elephant gift ideas (https://app.pinclicks.com/keyword/nice-white-elephant-gift-ideas/908121364306)
white elephant gift basket ideas (https://app.pinclicks.com/keyword/white-elephant-gift-basket-ideas/895880968977)
funny ways to give money as a gift (https://app.pinclicks.com/keyword/funny-ways-to-give-money-as-a-gift/920533988361)
cheap white elephant gifts (https://app.pinclicks.com/keyword/cheap-white-elephant-gifts/894768012502)"
898862523745,"custom dog gifts",https://www.pinterest.com/ideas/custom-dog-gifts/898862523745,202,0,,
898899773406,"unique gifts for mom",https://www.pinterest.com/ideas/unique-gifts-for-mom/898899773406,1787,0,"event planning (https://app.pinclicks.com/keyword/event-planning/941870572865)
gifts (https://app.pinclicks.com/keyword/gifts/915305016791)
gifts for adults (https://app.pinclicks.com/keyword/gifts-for-adults/898524447846)","gifts for my mom (https://app.pinclicks.com/keyword/gifts-for-my-mom/938962100889)
gifts to get your mom (https://app.pinclicks.com/keyword/gifts-to-get-your-mom/942824199826)
handmade gift ideas for best friend (https://app.pinclicks.com/keyword/handmade-gift-ideas-for-best-friend/950167638192)
cute gifts for friends (https://app.pinclicks.com/keyword/cute-gifts-for-friends/927406212023)
gift basket ideas for women (https://app.pinclicks.com/keyword/gift-basket-ideas-for-women/959099205788)
small gifts for boyfriend (https://app.pinclicks.com/keyword/small-gifts-for-boyfriend/935532916855)
happy birthday gifts (https://app.pinclicks.com/keyword/happy-birthday-gifts/911254497581)
diy gifts for him (https://app.pinclicks.com/keyword/diy-gifts-for-him/919353160163)
cute gifts for mom (https://app.pinclicks.com/keyword/cute-gifts-for-mom/922571947076)
mothersday gifts diy (https://app.pinclicks.com/keyword/mothersday-gifts-diy/949764848574)"
899260294815,"custom birthday gifts for boyfriend",https://www.pinterest.com/ideas/custom-birthday-gifts-for-boyfriend/899260294815,195,0,,
899542622078,"personalized bridesmaid gifts",https://www.pinterest.com/ideas/personalized-bridesmaid-gifts/899542622078,1392,0,"weddings (https://app.pinclicks.com/keyword/weddings/903260720461)
wedding favors and gifts (https://app.pinclicks.com/keyword/wedding-favors-and-gifts/945051572260)
bridesmaid gifts (https://app.pinclicks.com/keyword/bridesmaid-gifts/939534090323)","diy bridesmaid gifts (https://app.pinclicks.com/keyword/diy-bridesmaid-gifts/961688850665)
unique bridesmaid gifts (https://app.pinclicks.com/keyword/unique-bridesmaid-gifts/958410641176)
bridesmaid proposal ideas cheap (https://app.pinclicks.com/keyword/bridesmaid-proposal-ideas-cheap/955298123559)
bridesmaid presents (https://app.pinclicks.com/keyword/bridesmaid-presents/902655061795)
bridal party gifts for bridesmaids (https://app.pinclicks.com/keyword/bridal-party-gifts-for-bridesmaids/950964267122)
creative bridesmaid proposal ideas (https://app.pinclicks.com/keyword/creative-bridesmaid-proposal-ideas/918292152935)
bridesmaid proposal ideas unique (https://app.pinclicks.com/keyword/bridesmaid-proposal-ideas-unique/942752722135)
simple bridesmaid proposal (https://app.pinclicks.com/keyword/simple-bridesmaid-proposal/957807640298)
bridemaids proposals gift ideas (https://app.pinclicks.com/keyword/bridemaids-proposals-gift-ideas/900296825997)
will you be my bridesmaid gifts (https://app.pinclicks.com/keyword/will-you-be-my-bridesmaid-gifts/926030051463)"
899557341467,"custom boyfriend gifts",https://www.pinterest.com/ideas/custom-boyfriend-gifts/899557341467,566,0,,
899629748470,"unique gifts for husband",https://www.pinterest.com/ideas/unique-gifts-for-husband/899629748470,612,0,,
899918439507,"unique wedding gifts",https://www.pinterest.com/ideas/unique-wedding-gifts/899918439507,4563,0,,
899933611380,"personalized mom gifts",https://www.pinterest.com/ideas/personalized-mom-gifts/899933611380,281,0,,
900055006743,"best gifts for teachers unique",https://www.pinterest.com/ideas/best-gifts-for-teachers-unique/900055006743,679,0,,
900214807959,"birthday gifts for boyfriend unique",https://www.pinterest.com/ideas/birthday-gifts-for-boyfriend-unique/900214807959,2145,0,,
900290459328,"Personalized christmas gifts",https://www.pinterest.com/ideas/personalized-christmas-gifts/900290459328,5745,25481477,,
900343995561,"unique christmas gifts",https://www.pinterest.com/ideas/unique-christmas-gifts/900343995561,11451,1,"women's fashion (https://app.pinclicks.com/keyword/womens-fashion/948967005229)","crafty christmas gift ideas (https://app.pinclicks.com/keyword/crafty-christmas-gift-ideas/920487576381)
homemade christmas gift ideas (https://app.pinclicks.com/keyword/homemade-christmas-gift-ideas/950048433908)
cute christmas gift ideas (https://app.pinclicks.com/keyword/cute-christmas-gift-ideas/923379704403)
cool christmas gifts (https://app.pinclicks.com/keyword/cool-christmas-gifts/943692222128)
good christmas gifts (https://app.pinclicks.com/keyword/good-christmas-gifts/942650797261)
unique gift ideas (https://app.pinclicks.com/keyword/unique-gift-ideas/950158189340)
fun christmas gifts (https://app.pinclicks.com/keyword/fun-christmas-gifts/907998585016)
cheap christmas gift ideas (https://app.pinclicks.com/keyword/cheap-christmas-gift-ideas/961717299734)
home made christmas gift ideas (https://app.pinclicks.com/keyword/home-made-christmas-gift-ideas/944716528096)
handmade christmas gift ideas (https://app.pinclicks.com/keyword/handmade-christmas-gift-ideas/922465988728)"
900350330863,"personalized gifts diy",https://www.pinterest.com/ideas/personalized-gifts-diy/900350330863,684,25488722,,
900510416270,"custom corporate gifts",https://www.pinterest.com/ideas/custom-corporate-gifts/900510416270,1632,0,"event planning (https://app.pinclicks.com/keyword/event-planning/941870572865)
gifts (https://app.pinclicks.com/keyword/gifts/915305016791)
gifts for adults (https://app.pinclicks.com/keyword/gifts-for-adults/898524447846)","luxury corporate gifts (https://app.pinclicks.com/keyword/luxury-corporate-gifts/900409001615)
unique corporate gifts (https://app.pinclicks.com/keyword/unique-corporate-gifts/912695389951)
creative corporate gifts (https://app.pinclicks.com/keyword/creative-corporate-gifts/894208358999)
unique promotional items (https://app.pinclicks.com/keyword/unique-promotional-items/941456003600)
corporate branded gifts (https://app.pinclicks.com/keyword/corporate-branded-gifts/954740248502)
corporate giveaways ideas business gifts (https://app.pinclicks.com/keyword/corporate-giveaways-ideas-business-gifts/944947088466)
corporate gifts for clients business (https://app.pinclicks.com/keyword/corporate-gifts-for-clients-business/935085756444)
company gifts business (https://app.pinclicks.com/keyword/company-gifts-business/942478871726)
christmas corporate gifts (https://app.pinclicks.com/keyword/christmas-corporate-gifts/922607934347)
corporate gift hampers (https://app.pinclicks.com/keyword/corporate-gift-hampers/941064305396)"
900628853010,"unique bday gifts for boyfriend",https://www.pinterest.com/ideas/unique-bday-gifts-for-boyfriend/900628853010,5357,0,"event planning (https://app.pinclicks.com/keyword/event-planning/941870572865)
gifts (https://app.pinclicks.com/keyword/gifts/915305016791)
gifts for adults (https://app.pinclicks.com/keyword/gifts-for-adults/898524447846)","unique birthday gifts for boyfriend diy (https://app.pinclicks.com/keyword/unique-birthday-gifts-for-boyfriend-diy/912895133775)
cute bday gifts for boyfriend (https://app.pinclicks.com/keyword/cute-bday-gifts-for-boyfriend/916551690377)
18th birthday gifts (https://app.pinclicks.com/keyword/18th-birthday-gifts/929536170156)
unique birthday gift ideas for boyfriend (https://app.pinclicks.com/keyword/unique-birthday-gift-ideas-for-boyfriend/930865848801)
gift box for men (https://app.pinclicks.com/keyword/gift-box-for-men/957193341534)
unique gift ideas for boyfriend (https://app.pinclicks.com/keyword/unique-gift-ideas-for-boyfriend/914265440343)
things to gift boyfriend on birthday (https://app.pinclicks.com/keyword/things-to-gift-boyfriend-on-birthday/903604308874)
gift box for boyfriend (https://app.pinclicks.com/keyword/gift-box-for-boyfriend/937517081204)
birthday cards for boyfriend (https://app.pinclicks.com/keyword/birthday-cards-for-boyfriend/948138039341)
unique gift ideas for boyfriend birthday (https://app.pinclicks.com/keyword/unique-gift-ideas-for-boyfriend-birthday/949022618711)"
901125498952,"custom bf gifts",https://www.pinterest.com/ideas/custom-bf-gifts/901125498952,208,0,,
901372971716,"personalized baby girl gifts",https://www.pinterest.com/ideas/personalized-baby-girl-gifts/901372971716,259,0,,
901432014821,"custom diy gifts",https://www.pinterest.com/ideas/custom-diy-gifts/901432014821,144,0,,
901489143207,"creative personalized gifts",https://www.pinterest.com/ideas/creative-personalized-gifts/901489143207,207,0,,
901850755525,"personalized gifts for grandma",https://www.pinterest.com/ideas/personalized-gifts-for-grandma/901850755525,336,0,,
902099345193,"personalized diy gifts",https://www.pinterest.com/ideas/personalized-diy-gifts/902099345193,511,0,,
902513990007,"unique gifts for boys",https://www.pinterest.com/ideas/unique-gifts-for-boys/902513990007,595,0,,
902600346582,"cute birthday gifts for boyfriend",https://www.pinterest.com/ideas/cute-birthday-gifts-for-boyfriend/902600346582,5654,0,,
902600806696,"personalized cricut gifts",https://www.pinterest.com/ideas/personalized-cricut-gifts/902600806696,441,0,,
902737577976,"unique baby gifts",https://www.pinterest.com/ideas/unique-baby-gifts/902737577976,2833,0,"children's fashion (https://app.pinclicks.com/keyword/childrens-fashion/903733943146)
baby clothing (https://app.pinclicks.com/keyword/baby-clothing/896035134714)","baby gifts to make (https://app.pinclicks.com/keyword/baby-gifts-to-make/935864828398)
cute baby gift ideas (https://app.pinclicks.com/keyword/cute-baby-gift-ideas/944173078644)
personalized baby gifts (https://app.pinclicks.com/keyword/personalized-baby-gifts/916649282305)
new baby gift ideas (https://app.pinclicks.com/keyword/new-baby-gift-ideas/955658018967)
newborn baby gifts (https://app.pinclicks.com/keyword/newborn-baby-gifts/930709872176)
handmade baby items (https://app.pinclicks.com/keyword/handmade-baby-items/943745207130)
newborn baby gifts ideas (https://app.pinclicks.com/keyword/newborn-baby-gifts-ideas/960703528900)
handmade baby shower gift (https://app.pinclicks.com/keyword/handmade-baby-shower-gift/950010147772)
baby reveal ideas (https://app.pinclicks.com/keyword/baby-reveal-ideas/901348016712)
custom baby gifts (https://app.pinclicks.com/keyword/custom-baby-gifts/940633740475)"
903052949814,"custom groomsmen gifts",https://www.pinterest.com/ideas/custom-groomsmen-gifts/903052949814,139,0,,
903425175406,"personalized picture gifts",https://www.pinterest.com/ideas/personalized-picture-gifts/903425175406,214,0,,
903480492282,"unique gifts for women",https://www.pinterest.com/ideas/unique-gifts-for-women/903480492282,1865,0,"event planning (https://app.pinclicks.com/keyword/event-planning/941870572865)
gifts (https://app.pinclicks.com/keyword/gifts/915305016791)
unique gifts (https://app.pinclicks.com/keyword/unique-gifts/915423028505)","trendy gifts for women (https://app.pinclicks.com/keyword/trendy-gifts-for-women/951548533093)
female gift ideas (https://app.pinclicks.com/keyword/female-gift-ideas/899501370658)
cool gifts for women (https://app.pinclicks.com/keyword/cool-gifts-for-women/937584918832)
trending gifts for women (https://app.pinclicks.com/keyword/trending-gifts-for-women/953683154797)
diy gift set (https://app.pinclicks.com/keyword/diy-gift-set/950815714582)
birthday wishlist (https://app.pinclicks.com/keyword/birthday-wishlist/949908782912)
birthday gift ideas (https://app.pinclicks.com/keyword/birthday-gift-ideas/909380455025)
gift basket ideas (https://app.pinclicks.com/keyword/gift-basket-ideas/917487513230)
mothers day gifts (https://app.pinclicks.com/keyword/mothers-day-gifts/927886845572)
keychain ideas (https://app.pinclicks.com/keyword/keychain-ideas/911696054256)"
903487260563,"personalized fathers day gifts",https://www.pinterest.com/ideas/personalized-fathers-day-gifts/903487260563,291,0,,
903576047052,"unique gifts for boyfriend",https://www.pinterest.com/ideas/unique-gifts-for-boyfriend/903576047052,8959,0,"event planning (https://app.pinclicks.com/keyword/event-planning/941870572865)
gifts (https://app.pinclicks.com/keyword/gifts/915305016791)
gifts for adults (https://app.pinclicks.com/keyword/gifts-for-adults/898524447846)","handmade things for boyfriend (https://app.pinclicks.com/keyword/handmade-things-for-boyfriend/899487392325)
meaningful gifts for boyfriend (https://app.pinclicks.com/keyword/meaningful-gifts-for-boyfriend/902076212172)
creative gifts for him (https://app.pinclicks.com/keyword/creative-gifts-for-him/924286758038)
unique gifts for him (https://app.pinclicks.com/keyword/unique-gifts-for-him/944348896993)
small gifts for boyfriend (https://app.pinclicks.com/keyword/small-gifts-for-boyfriend/935532916855)
creative gift ideas for boyfriend (https://app.pinclicks.com/keyword/creative-gift-ideas-for-boyfriend/906385919507)
personal gifts for boyfriend (https://app.pinclicks.com/keyword/personal-gifts-for-boyfriend/922622548945)
cute gifts for him (https://app.pinclicks.com/keyword/cute-gifts-for-him/950710763341)
thoughtful gifts for boyfriend (https://app.pinclicks.com/keyword/thoughtful-gifts-for-boyfriend/920540824906)
bday gifts for boyfriend (https://app.pinclicks.com/keyword/bday-gifts-for-boyfriend/927697083598)"
903617468084,"cute personalized gifts",https://www.pinterest.com/ideas/cute-personalized-gifts/903617468084,1730,0,"event planning (https://app.pinclicks.com/keyword/event-planning/941870572865)
gifts (https://app.pinclicks.com/keyword/gifts/915305016791)
unique gifts (https://app.pinclicks.com/keyword/unique-gifts/915423028505)","personalised gift ideas (https://app.pinclicks.com/keyword/personalised-gift-ideas/941301036581)
customized gift ideas (https://app.pinclicks.com/keyword/customized-gift-ideas/957141406249)
personalized gift ideas (https://app.pinclicks.com/keyword/personalized-gift-ideas/954461280635)
personalized items (https://app.pinclicks.com/keyword/personalized-items/935084611247)
birthday wishlist (https://app.pinclicks.com/keyword/birthday-wishlist/949908782912)
diy gift set (https://app.pinclicks.com/keyword/diy-gift-set/950815714582)
birthday gift ideas (https://app.pinclicks.com/keyword/birthday-gift-ideas/909380455025)
gift hampers (https://app.pinclicks.com/keyword/gift-hampers/904639955658)
money bouquet (https://app.pinclicks.com/keyword/money-bouquet/895019846983)
gift basket ideas (https://app.pinclicks.com/keyword/gift-basket-ideas/917487513230)"
903825069249,"custom mom gifts",https://www.pinterest.com/ideas/custom-mom-gifts/903825069249,141,0,,
903902933672,"handmade personalized gifts",https://www.pinterest.com/ideas/handmade-personalized-gifts/903902933672,419,0,"event planning (https://app.pinclicks.com/keyword/event-planning/941870572865)
gifts (https://app.pinclicks.com/keyword/gifts/915305016791)
unique gifts (https://app.pinclicks.com/keyword/unique-gifts/915423028505)","customised gift ideas (https://app.pinclicks.com/keyword/customised-gift-ideas/955467821877)
unique handmade gifts diy (https://app.pinclicks.com/keyword/unique-handmade-gifts-diy/939760156260)
hand crafted gifts ideas (https://app.pinclicks.com/keyword/hand-crafted-gifts-ideas/911690952363)
personalised gifts diy handmade (https://app.pinclicks.com/keyword/personalised-gifts-diy-handmade/939324095759)
handcrafted gifts (https://app.pinclicks.com/keyword/handcrafted-gifts/944367028072)
handmade gifts for women (https://app.pinclicks.com/keyword/handmade-gifts-for-women/950570022743)
customizable gifts (https://app.pinclicks.com/keyword/customizable-gifts/924131508453)
small handmade gifts (https://app.pinclicks.com/keyword/small-handmade-gifts/942779197948)
handmade gift ideas creative (https://app.pinclicks.com/keyword/handmade-gift-ideas-creative/945621434223)
unique homemade gifts (https://app.pinclicks.com/keyword/unique-homemade-gifts/913627931298)"
903945127955,"personalized anniversary gifts",https://www.pinterest.com/ideas/personalized-anniversary-gifts/903945127955,642,0,"event planning (https://app.pinclicks.com/keyword/event-planning/941870572865)
gifts (https://app.pinclicks.com/keyword/gifts/915305016791)
gifts for adults (https://app.pinclicks.com/keyword/gifts-for-adults/898524447846)","wedding anniversary gifts for couple (https://app.pinclicks.com/keyword/wedding-anniversary-gifts-for-couple/938883478301)
unique anniversary gifts for him (https://app.pinclicks.com/keyword/unique-anniversary-gifts-for-him/949172773683)
wedding anniversary gift ideas for him (https://app.pinclicks.com/keyword/wedding-anniversary-gift-ideas-for-him/900718712146)
wedding anniversary gifts for husband (https://app.pinclicks.com/keyword/wedding-anniversary-gifts-for-husband/893534998685)
creative anniversary gifts (https://app.pinclicks.com/keyword/creative-anniversary-gifts/937051645482)
anniversary gifts for parents (https://app.pinclicks.com/keyword/anniversary-gifts-for-parents/927919802682)
first wedding anniversary gift ideas (https://app.pinclicks.com/keyword/first-wedding-anniversary-gift-ideas/895111243096)
anniversary gift for men (https://app.pinclicks.com/keyword/anniversary-gift-for-men/898953222047)
marriage anniversary gift ideas (https://app.pinclicks.com/keyword/marriage-anniversary-gift-ideas/932089291480)
anniversary gifts for her ideas (https://app.pinclicks.com/keyword/anniversary-gifts-for-her-ideas/914739131104)"
904236461139,"personalized gifts for coworkers",https://www.pinterest.com/ideas/personalized-gifts-for-coworkers/904236461139,260,0,,
905670951412,"personalized crochet gifts",https://www.pinterest.com/ideas/personalized-crochet-gifts/905670951412,313,0,,
905905496612,"cute personalized gifts for boyfriend",https://www.pinterest.com/ideas/cute-personalized-gifts-for-boyfriend/905905496612,229,0,,
905972832318,"personalized leather gifts",https://www.pinterest.com/ideas/personalized-leather-gifts/905972832318,242,0,,
906476251341,"cute birthday gifts",https://www.pinterest.com/ideas/cute-birthday-gifts/906476251341,26552,0,"event planning (https://app.pinclicks.com/keyword/event-planning/941870572865)
gifts (https://app.pinclicks.com/keyword/gifts/915305016791)
gifts for kids (https://app.pinclicks.com/keyword/gifts-for-kids/935435858853)","handmade gift ideas for best friend (https://app.pinclicks.com/keyword/handmade-gift-ideas-for-best-friend/950167638192)
creative birthday gifts (https://app.pinclicks.com/keyword/creative-birthday-gifts/957063257296)
cool birthday gifts (https://app.pinclicks.com/keyword/cool-birthday-gifts/899148809465)
cute birthday presents (https://app.pinclicks.com/keyword/cute-birthday-presents/911583151642)
little birthday gifts (https://app.pinclicks.com/keyword/little-birthday-gifts/934618622648)
cute gifts for friends (https://app.pinclicks.com/keyword/cute-gifts-for-friends/927406212023)
cute bday gifts (https://app.pinclicks.com/keyword/cute-bday-gifts/949858638233)
18th birthday gifts (https://app.pinclicks.com/keyword/18th-birthday-gifts/929536170156)
things for birthday gifts (https://app.pinclicks.com/keyword/things-for-birthday-gifts/944193076437)
cute gift ideas (https://app.pinclicks.com/keyword/cute-gift-ideas/928364135088)"
906678139970,"personalized gifts for husband",https://www.pinterest.com/ideas/personalized-gifts-for-husband/906678139970,281,0,,
906962063844,"cute custom gifts for boyfriend",https://www.pinterest.com/ideas/cute-custom-gifts-for-boyfriend/906962063844,153,0,,
907167432642,"custom gifts for girlfriend",https://www.pinterest.com/ideas/custom-gifts-for-girlfriend/907167432642,275,0,,
907306569042,"personalized gifts ideas",https://www.pinterest.com/ideas/personalized-gifts-ideas/907306569042,526,0,,
907598278675,"personalized valentines gifts for kids",https://www.pinterest.com/ideas/personalized-valentines-gifts-for-kids/907598278675,427,0,,
908027981916,"unique gifts for men",https://www.pinterest.com/ideas/unique-gifts-for-men/908027981916,19863,0,"event planning (https://app.pinclicks.com/keyword/event-planning/941870572865)
gifts (https://app.pinclicks.com/keyword/gifts/915305016791)
unique gifts (https://app.pinclicks.com/keyword/unique-gifts/915423028505)","unique gifts for him (https://app.pinclicks.com/keyword/unique-gifts-for-him/944348896993)
simple gifts for men (https://app.pinclicks.com/keyword/simple-gifts-for-men/917722809799)
gift box for men (https://app.pinclicks.com/keyword/gift-box-for-men/957193341534)
small gifts for men (https://app.pinclicks.com/keyword/small-gifts-for-men/924167491453)
useful gifts for men (https://app.pinclicks.com/keyword/useful-gifts-for-men/909384670754)
practical gifts for men (https://app.pinclicks.com/keyword/practical-gifts-for-men/924400062233)
best gifts for him (https://app.pinclicks.com/keyword/best-gifts-for-him/909427280242)
fun gifts for men (https://app.pinclicks.com/keyword/fun-gifts-for-men/951445185861)
personalized gifts for men (https://app.pinclicks.com/keyword/personalized-gifts-for-men/924814304181)
diy gifts for him (https://app.pinclicks.com/keyword/diy-gifts-for-him/919353160163)"
908304798034,"cute anniversary gifts for him",https://www.pinterest.com/ideas/cute-anniversary-gifts-for-him/908304798034,6607,0,"event planning (https://app.pinclicks.com/keyword/event-planning/941870572865)
gifts (https://app.pinclicks.com/keyword/gifts/915305016791)
gifts for adults (https://app.pinclicks.com/keyword/gifts-for-adults/898524447846)","homemade anniversary gifts for him (https://app.pinclicks.com/keyword/homemade-anniversary-gifts-for-him/920303943750)
diy gifts for boyfriend anniversary (https://app.pinclicks.com/keyword/diy-gifts-for-boyfriend-anniversary/932257594014)
cute anniversary ideas (https://app.pinclicks.com/keyword/cute-anniversary-ideas/931108297482)
creative anniversary gift ideas for him (https://app.pinclicks.com/keyword/creative-anniversary-gift-ideas-for-him/944364466868)
meaningful gifts for boyfriend (https://app.pinclicks.com/keyword/meaningful-gifts-for-boyfriend/902076212172)
diy anniversary gifts for him boyfriends (https://app.pinclicks.com/keyword/diy-anniversary-gifts-for-him-boyfriends/904910790799)
best anniversary gift for him (https://app.pinclicks.com/keyword/best-anniversary-gift-for-him/934736341684)
unique anniversary gifts for him (https://app.pinclicks.com/keyword/unique-anniversary-gifts-for-him/949172773683)
anniversary gift ideas for him diy (https://app.pinclicks.com/keyword/anniversary-gift-ideas-for-him-diy/961048691606)
sentimental gifts for boyfriend (https://app.pinclicks.com/keyword/sentimental-gifts-for-boyfriend/938673325229)"
908427272607,"custom bachelorette gifts",https://www.pinterest.com/ideas/custom-bachelorette-gifts/908427272607,320,0,,
908454617282,"personalized toddler gifts",https://www.pinterest.com/ideas/personalized-toddler-gifts/908454617282,342,0,"parenting (https://app.pinclicks.com/keyword/parenting/920236059316)
toys (https://app.pinclicks.com/keyword/toys/957620480011)","baby personalized gift ideas (https://app.pinclicks.com/keyword/baby-personalized-gift-ideas/928834452175)
customized baby gifts (https://app.pinclicks.com/keyword/customized-baby-gifts/945010424728)
toddler gift basket (https://app.pinclicks.com/keyword/toddler-gift-basket/907471895120)
toddler gift guide (https://app.pinclicks.com/keyword/toddler-gift-guide/894351158654)
toddler made christmas gifts (https://app.pinclicks.com/keyword/toddler-made-christmas-gifts/902698447653)
personalized gifts for kids (https://app.pinclicks.com/keyword/personalized-gifts-for-kids/926832805196)
toddler diy christmas gifts (https://app.pinclicks.com/keyword/toddler-diy-christmas-gifts/961338635925)
cricut gifts for kids (https://app.pinclicks.com/keyword/cricut-gifts-for-kids/916506902993)
children gift ideas (https://app.pinclicks.com/keyword/children-gift-ideas/912717204789)
diy toddler christmas gifts (https://app.pinclicks.com/keyword/diy-toddler-christmas-gifts/924855704283)"
909538056721,"groomsmen gifts unique",https://www.pinterest.com/ideas/groomsmen-gifts-unique/909538056721,2404,0,,
909603467503,"cute mother’s day gifts",https://www.pinterest.com/ideas/cute-mothers-day-gifts/909603467503,2839,0,"event planning (https://app.pinclicks.com/keyword/event-planning/941870572865)
gifts (https://app.pinclicks.com/keyword/gifts/915305016791)
gifts for adults (https://app.pinclicks.com/keyword/gifts-for-adults/898524447846)","mothers day gift basket (https://app.pinclicks.com/keyword/mothers-day-gift-basket/903587413024)
diy mothers day crafts for kids (https://app.pinclicks.com/keyword/diy-mothers-day-crafts-for-kids/931238563843)
mother's day projects (https://app.pinclicks.com/keyword/mothers-day-projects/906350473267)
mother's day printables (https://app.pinclicks.com/keyword/mothers-day-printables/942343330392)
easter basket ideas (https://app.pinclicks.com/keyword/easter-basket-ideas/938855362422)
birthday gift ideas (https://app.pinclicks.com/keyword/birthday-gift-ideas/909380455025)
mothers day card ideas (https://app.pinclicks.com/keyword/mothers-day-card-ideas/900189898818)
easy mother's day crafts (https://app.pinclicks.com/keyword/easy-mothers-day-crafts/923143508920)
mothersday gifts diy (https://app.pinclicks.com/keyword/mothersday-gifts-diy/949764848574)
happy mothers day (https://app.pinclicks.com/keyword/happy-mothers-day/896971228929)"
909688287273,"cricut personalized gifts",https://www.pinterest.com/ideas/cricut-personalized-gifts/909688287273,1487,27088999,,
909803590352,"cute graduation gifts",https://www.pinterest.com/ideas/cute-graduation-gifts/909803590352,16840,0,"event planning (https://app.pinclicks.com/keyword/event-planning/941870572865)
gifts (https://app.pinclicks.com/keyword/gifts/915305016791)
gifts for teens (https://app.pinclicks.com/keyword/gifts-for-teens/907522935021)","cute grad gifts (https://app.pinclicks.com/keyword/cute-grad-gifts/913506222765)
grad gifts for best friends (https://app.pinclicks.com/keyword/grad-gifts-for-best-friends/927604160437)
graduation present ideas (https://app.pinclicks.com/keyword/graduation-present-ideas/946995687076)
graduation gift ideas for her (https://app.pinclicks.com/keyword/graduation-gift-ideas-for-her/961521974768)
diy grad gifts (https://app.pinclicks.com/keyword/diy-grad-gifts/950942172095)
creative graduation gifts (https://app.pinclicks.com/keyword/creative-graduation-gifts/941576727585)
good graduation gifts (https://app.pinclicks.com/keyword/good-graduation-gifts/925436148492)
graduation gift ideas diy (https://app.pinclicks.com/keyword/graduation-gift-ideas-diy/894176075000)
fun graduation gifts (https://app.pinclicks.com/keyword/fun-graduation-gifts/945600638332)
grad gift basket (https://app.pinclicks.com/keyword/grad-gift-basket/956612179359)"
909927469665,"cute gifts for teachers",https://www.pinterest.com/ideas/cute-gifts-for-teachers/909927469665,4171,27138180,,
910359991079,"personalized baby shower gifts",https://www.pinterest.com/ideas/personalized-baby-shower-gifts/910359991079,1030,0,,
910403456934,"custom engagement gifts",https://www.pinterest.com/ideas/custom-engagement-gifts/910403456934,203,0,,
910563978534,"personalized couple gifts",https://www.pinterest.com/ideas/personalized-couple-gifts/910563978534,615,0,,
910617042613,"teacher personalized gifts",https://www.pinterest.com/ideas/teacher-personalized-gifts/910617042613,421,0,,
910740395697,"unique engagement gifts for couple",https://www.pinterest.com/ideas/unique-engagement-gifts-for-couple/910740395697,1497,0,"weddings (https://app.pinclicks.com/keyword/weddings/903260720461)
engagement inspiration (https://app.pinclicks.com/keyword/engagement-inspiration/958415659643)
engagement basket (https://app.pinclicks.com/keyword/engagement-basket/925941449231)","just engaged gift (https://app.pinclicks.com/keyword/just-engaged-gift/933596022127)
engagement present ideas (https://app.pinclicks.com/keyword/engagement-present-ideas/899242644405)
unique wedding gift ideas for couple (https://app.pinclicks.com/keyword/unique-wedding-gift-ideas-for-couple/911302714929)
engagement gifts diy (https://app.pinclicks.com/keyword/engagement-gifts-diy/902576448665)
engagement gift for groom (https://app.pinclicks.com/keyword/engagement-gift-for-groom/938658425582)
engagement gift baskets (https://app.pinclicks.com/keyword/engagement-gift-baskets/946487869960)
creative engagement gifts (https://app.pinclicks.com/keyword/creative-engagement-gifts/942388333247)
creative wedding gifts for the couple (https://app.pinclicks.com/keyword/creative-wedding-gifts-for-the-couple/927403527818)
thoughtful engagement gifts (https://app.pinclicks.com/keyword/thoughtful-engagement-gifts/902267391525)
engagement gift ideas newly engaged (https://app.pinclicks.com/keyword/engagement-gift-ideas-newly-engaged/897027283652)"
910909516538,"unique groomsmen gifts",https://www.pinterest.com/ideas/unique-groomsmen-gifts/910909516538,3887,0,"weddings (https://app.pinclicks.com/keyword/weddings/903260720461)
wedding gifts (https://app.pinclicks.com/keyword/wedding-gifts/958770377703)
wedding gifts ideas (https://app.pinclicks.com/keyword/wedding-gifts-ideas/905587266163)","diy groomsmen gifts (https://app.pinclicks.com/keyword/diy-groomsmen-gifts/927871824607)
groomsmen gifts wedding day (https://app.pinclicks.com/keyword/groomsmen-gifts-wedding-day/928251031987)
groomsmen proposal diy (https://app.pinclicks.com/keyword/groomsmen-proposal-diy/927599264109)
groomsman gift ideas (https://app.pinclicks.com/keyword/groomsman-gift-ideas/919965282769)
gifts for groomsmen from groom (https://app.pinclicks.com/keyword/gifts-for-groomsmen-from-groom/898947333384)
groomsman proposal ideas (https://app.pinclicks.com/keyword/groomsman-proposal-ideas/959145740606)
groomsman boxes (https://app.pinclicks.com/keyword/groomsman-boxes/920788669378)
personalized gifts for men (https://app.pinclicks.com/keyword/personalized-gifts-for-men/924814304181)
wedding gifts for men (https://app.pinclicks.com/keyword/wedding-gifts-for-men/944757907577)
bridesmaid proposal ideas cheap (https://app.pinclicks.com/keyword/bridesmaid-proposal-ideas-cheap/955298123559)"
911299653691,"custom gifts for best friends",https://www.pinterest.com/ideas/custom-gifts-for-best-friends/911299653691,570,0,,
911477420126,"unique birthday gifts for women",https://www.pinterest.com/ideas/unique-birthday-gifts-for-women/911477420126,682,0,,
911685926773,"handmade gifts for boyfriend diy unique",https://www.pinterest.com/ideas/handmade-gifts-for-boyfriend-diy-unique/911685926773,3588,0,"diy and crafts (https://app.pinclicks.com/keyword/diy-and-crafts/934876475639)
diy event (https://app.pinclicks.com/keyword/diy-event/922120925682)
diy gifts (https://app.pinclicks.com/keyword/diy-gifts/952116175576)","handmade things for boyfriend (https://app.pinclicks.com/keyword/handmade-things-for-boyfriend/899487392325)
easy homemade gifts for boyfriend (https://app.pinclicks.com/keyword/easy-homemade-gifts-for-boyfriend/932837733890)
simple handmade gifts for boyfriend (https://app.pinclicks.com/keyword/simple-handmade-gifts-for-boyfriend/925019414352)
easy handmade gifts for boyfriend (https://app.pinclicks.com/keyword/easy-handmade-gifts-for-boyfriend/896172341806)
crafty gifts for boyfriend (https://app.pinclicks.com/keyword/crafty-gifts-for-boyfriend/911661530714)
small diy gifts for boyfriend (https://app.pinclicks.com/keyword/small-diy-gifts-for-boyfriend/902883413287)
crafts to make for boyfriend handmade gifts for him (https://app.pinclicks.com/keyword/crafts-to-make-for-boyfriend-handmade-gifts-for-him/954876234799)
home made gifts for boyfriend diy (https://app.pinclicks.com/keyword/home-made-gifts-for-boyfriend-diy/951180259399)
simple diy gifts for boyfriend (https://app.pinclicks.com/keyword/simple-diy-gifts-for-boyfriend/956982808177)
cute homemade gifts for boyfriend (https://app.pinclicks.com/keyword/cute-homemade-gifts-for-boyfriend/924991856417)"
911686901063,"unique thank you gifts",https://www.pinterest.com/ideas/unique-thank-you-gifts/911686901063,488,0,,
911915630561,"bridesmaid gifts unique",https://www.pinterest.com/ideas/bridesmaid-gifts-unique/911915630561,633,0,,
912186016471,"custom couple gifts",https://www.pinterest.com/ideas/custom-couple-gifts/912186016471,263,0,,
912492923708,"personalized bachelorette gifts",https://www.pinterest.com/ideas/personalized-bachelorette-gifts/912492923708,422,0,,
912514252530,"cute secret santa gifts",https://www.pinterest.com/ideas/cute-secret-santa-gifts/912514252530,4083,0,"event planning (https://app.pinclicks.com/keyword/event-planning/941870572865)
gifts (https://app.pinclicks.com/keyword/gifts/915305016791)
gifts for adults (https://app.pinclicks.com/keyword/gifts-for-adults/898524447846)","secret santa presents (https://app.pinclicks.com/keyword/secret-santa-presents/933380193606)
secret santa gift ideas diy (https://app.pinclicks.com/keyword/secret-santa-gift-ideas-diy/914716461779)
small secret santa gift ideas (https://app.pinclicks.com/keyword/small-secret-santa-gift-ideas/933544187053)
cheap secret santa gifts (https://app.pinclicks.com/keyword/cheap-secret-santa-gifts/913195715821)
good secret santa gifts (https://app.pinclicks.com/keyword/good-secret-santa-gifts/907348064815)
secret santa wishlist (https://app.pinclicks.com/keyword/secret-santa-wishlist/905214590080)
creative secret santa gifts (https://app.pinclicks.com/keyword/creative-secret-santa-gifts/943081298358)
handmade gift ideas for best friend (https://app.pinclicks.com/keyword/handmade-gift-ideas-for-best-friend/950167638192)
christmas secret santa ideas (https://app.pinclicks.com/keyword/christmas-secret-santa-ideas/943751279898)
funny secret santa gifts (https://app.pinclicks.com/keyword/funny-secret-santa-gifts/913064670613)"
912695389951,"unique corporate gifts",https://www.pinterest.com/ideas/unique-corporate-gifts/912695389951,8107,0,"design (https://app.pinclicks.com/keyword/design/902065567321)
business and advertising (https://app.pinclicks.com/keyword/business-and-advertising/897856923844)","luxury corporate gifts (https://app.pinclicks.com/keyword/luxury-corporate-gifts/900409001615)
creative corporate gifts (https://app.pinclicks.com/keyword/creative-corporate-gifts/894208358999)
unique promotional items (https://app.pinclicks.com/keyword/unique-promotional-items/941456003600)
company gifts business (https://app.pinclicks.com/keyword/company-gifts-business/942478871726)
corporate giveaways ideas business gifts (https://app.pinclicks.com/keyword/corporate-giveaways-ideas-business-gifts/944947088466)
corporate gifts for clients business (https://app.pinclicks.com/keyword/corporate-gifts-for-clients-business/935085756444)
corporate branded gifts (https://app.pinclicks.com/keyword/corporate-branded-gifts/954740248502)
christmas corporate gifts (https://app.pinclicks.com/keyword/christmas-corporate-gifts/922607934347)
company swag ideas (https://app.pinclicks.com/keyword/company-swag-ideas/948451935734)
custom corporate gifts (https://app.pinclicks.com/keyword/custom-corporate-gifts/900510416270)"
912895133775,"unique birthday gifts for boyfriend diy",https://www.pinterest.com/ideas/unique-birthday-gifts-for-boyfriend-diy/912895133775,3186,0,"diy and crafts (https://app.pinclicks.com/keyword/diy-and-crafts/934876475639)
diy event (https://app.pinclicks.com/keyword/diy-event/922120925682)
diy gifts (https://app.pinclicks.com/keyword/diy-gifts/952116175576)","diy bday gifts for boyfriend (https://app.pinclicks.com/keyword/diy-bday-gifts-for-boyfriend/931417941567)
unique bday gifts for boyfriend (https://app.pinclicks.com/keyword/unique-bday-gifts-for-boyfriend/900628853010)
homemade gifts for boyfriend birthday (https://app.pinclicks.com/keyword/homemade-gifts-for-boyfriend-birthday/918249997699)
diy gifts for boyfriend unique for him (https://app.pinclicks.com/keyword/diy-gifts-for-boyfriend-unique-for-him/931030312842)
meaningful gifts for boyfriend (https://app.pinclicks.com/keyword/meaningful-gifts-for-boyfriend/902076212172)
homemade birthday gifts for boyfriend (https://app.pinclicks.com/keyword/homemade-birthday-gifts-for-boyfriend/960473349878)
cute diy gifts for boyfriend birthday (https://app.pinclicks.com/keyword/cute-diy-gifts-for-boyfriend-birthday/935056108513)
diy birthday gifts for boyfriend crafts (https://app.pinclicks.com/keyword/diy-birthday-gifts-for-boyfriend-crafts/939831944212)
unique birthday gift ideas for boyfriend (https://app.pinclicks.com/keyword/unique-birthday-gift-ideas-for-boyfriend/930865848801)
creative gift ideas for boyfriend diy (https://app.pinclicks.com/keyword/creative-gift-ideas-for-boyfriend-diy/913885869968)"
913023990492,"custom birthday gifts",https://www.pinterest.com/ideas/custom-birthday-gifts/913023990492,1002,0,"event planning (https://app.pinclicks.com/keyword/event-planning/941870572865)
gifts (https://app.pinclicks.com/keyword/gifts/915305016791)
gifts for adults (https://app.pinclicks.com/keyword/gifts-for-adults/898524447846)","personal birthday gifts (https://app.pinclicks.com/keyword/personal-birthday-gifts/950279532741)
customized gift ideas (https://app.pinclicks.com/keyword/customized-gift-ideas/957141406249)
creative birthday gifts (https://app.pinclicks.com/keyword/creative-birthday-gifts/957063257296)
good birthday gifts (https://app.pinclicks.com/keyword/good-birthday-gifts/922643682672)
cool birthday gifts (https://app.pinclicks.com/keyword/cool-birthday-gifts/899148809465)
special birthday gifts (https://app.pinclicks.com/keyword/special-birthday-gifts/932154726605)
personalized birthday gifts (https://app.pinclicks.com/keyword/personalized-birthday-gifts/921799133361)
fun birthday gifts (https://app.pinclicks.com/keyword/fun-birthday-gifts/907566524033)
birthday gift ideas for her (https://app.pinclicks.com/keyword/birthday-gift-ideas-for-her/900701251777)
unique birthday gift ideas (https://app.pinclicks.com/keyword/unique-birthday-gift-ideas/904431569019)"
913079864296,"cute boyfriend gifts",https://www.pinterest.com/ideas/cute-boyfriend-gifts/913079864296,36199,3,"event planning (https://app.pinclicks.com/keyword/event-planning/941870572865)
gifts (https://app.pinclicks.com/keyword/gifts/915305016791)
gifts for adults (https://app.pinclicks.com/keyword/gifts-for-adults/898524447846)","small gifts for boyfriend (https://app.pinclicks.com/keyword/small-gifts-for-boyfriend/935532916855)
meaningful gifts for boyfriend (https://app.pinclicks.com/keyword/meaningful-gifts-for-boyfriend/902076212172)
handmade things for boyfriend (https://app.pinclicks.com/keyword/handmade-things-for-boyfriend/899487392325)
cute gifts for him (https://app.pinclicks.com/keyword/cute-gifts-for-him/950710763341)
gift box for boyfriend (https://app.pinclicks.com/keyword/gift-box-for-boyfriend/937517081204)
bday gifts for boyfriend (https://app.pinclicks.com/keyword/bday-gifts-for-boyfriend/927697083598)
bf gift ideas (https://app.pinclicks.com/keyword/bf-gift-ideas/955788277261)
thoughtful gifts for boyfriend (https://app.pinclicks.com/keyword/thoughtful-gifts-for-boyfriend/920540824906)
handmade gifts for bf (https://app.pinclicks.com/keyword/handmade-gifts-for-bf/956055779043)
crafts for bf (https://app.pinclicks.com/keyword/crafts-for-bf/930481594516)"
913164731496,"custom anniversary gifts for him",https://www.pinterest.com/ideas/custom-anniversary-gifts-for-him/913164731496,160,0,,
913289912696,"custom wedding gifts",https://www.pinterest.com/ideas/custom-wedding-gifts/913289912696,2487,0,"weddings (https://app.pinclicks.com/keyword/weddings/903260720461)
wedding gifts (https://app.pinclicks.com/keyword/wedding-gifts/958770377703)
wedding gifts ideas (https://app.pinclicks.com/keyword/wedding-gifts-ideas/905587266163)","personalized wedding ideas (https://app.pinclicks.com/keyword/personalized-wedding-ideas/895827473844)
wedding souvenirs (https://app.pinclicks.com/keyword/wedding-souvenirs/954103779846)
wedding gifts ideas for couple (https://app.pinclicks.com/keyword/wedding-gifts-ideas-for-couple/949058016241)
good wedding gifts (https://app.pinclicks.com/keyword/good-wedding-gifts/942821642307)
personalised wedding gifts (https://app.pinclicks.com/keyword/personalised-wedding-gifts/909816869396)
creative wedding gifts (https://app.pinclicks.com/keyword/creative-wedding-gifts/896587984133)
cute wedding gifts (https://app.pinclicks.com/keyword/cute-wedding-gifts/918356645113)
wedding day gifts (https://app.pinclicks.com/keyword/wedding-day-gifts/914052630600)
handmade wedding gifts (https://app.pinclicks.com/keyword/handmade-wedding-gifts/941519004577)
wedding present ideas (https://app.pinclicks.com/keyword/wedding-present-ideas/905205858338)"
913390017428,"personalized gifts for friends",https://www.pinterest.com/ideas/personalized-gifts-for-friends/913390017428,2392,0,"event planning (https://app.pinclicks.com/keyword/event-planning/941870572865)
gifts (https://app.pinclicks.com/keyword/gifts/915305016791)
gifts for friends (https://app.pinclicks.com/keyword/gifts-for-friends/919232753936)","personal gifts for best friend (https://app.pinclicks.com/keyword/personal-gifts-for-best-friend/946224418230)
gifts for your friends (https://app.pinclicks.com/keyword/gifts-for-your-friends/947569520511)
creative gifts for friends (https://app.pinclicks.com/keyword/creative-gifts-for-friends/949083819101)
thoughtful gifts for friends (https://app.pinclicks.com/keyword/thoughtful-gifts-for-friends/933304368885)
gifts to give friends (https://app.pinclicks.com/keyword/gifts-to-give-friends/908187433745)
meaningful gifts for friends (https://app.pinclicks.com/keyword/meaningful-gifts-for-friends/908771264693)
personalized gift ideas (https://app.pinclicks.com/keyword/personalized-gift-ideas/954461280635)
personalized birthday gifts (https://app.pinclicks.com/keyword/personalized-birthday-gifts/921799133361)
unique gifts for friends (https://app.pinclicks.com/keyword/unique-gifts-for-friends/927344843897)
fun gifts for friends (https://app.pinclicks.com/keyword/fun-gifts-for-friends/960394549607)"
913627931298,"unique homemade gifts",https://www.pinterest.com/ideas/unique-homemade-gifts/913627931298,6810,0,"diy and crafts (https://app.pinclicks.com/keyword/diy-and-crafts/934876475639)
diy event (https://app.pinclicks.com/keyword/diy-event/922120925682)
diy gifts (https://app.pinclicks.com/keyword/diy-gifts/952116175576)","thoughtful diy gifts (https://app.pinclicks.com/keyword/thoughtful-diy-gifts/942738749751)
unique handmade gifts diy (https://app.pinclicks.com/keyword/unique-handmade-gifts-diy/939760156260)
homemade presents (https://app.pinclicks.com/keyword/homemade-presents/917089301418)
crafty christmas gift ideas (https://app.pinclicks.com/keyword/crafty-christmas-gift-ideas/920487576381)
hand crafted gifts ideas (https://app.pinclicks.com/keyword/hand-crafted-gifts-ideas/911690952363)
homemade christmas gift ideas (https://app.pinclicks.com/keyword/homemade-christmas-gift-ideas/950048433908)
handmade christmas gifts diy craft ideas (https://app.pinclicks.com/keyword/handmade-christmas-gifts-diy-craft-ideas/945359992616)
homemade gift ideas for friends (https://app.pinclicks.com/keyword/homemade-gift-ideas-for-friends/954503816696)
small homemade gifts (https://app.pinclicks.com/keyword/small-homemade-gifts/907564482063)
homemade holiday gifts (https://app.pinclicks.com/keyword/homemade-holiday-gifts/903228720389)"
913660134929,"personalized teacher gifts",https://www.pinterest.com/ideas/personalized-teacher-gifts/913660134929,4017,1,"event planning (https://app.pinclicks.com/keyword/event-planning/941870572865)
gifts (https://app.pinclicks.com/keyword/gifts/915305016791)
gifts for adults (https://app.pinclicks.com/keyword/gifts-for-adults/898524447846)","useful teacher gifts (https://app.pinclicks.com/keyword/useful-teacher-gifts/940420999408)
creative teachers gifts (https://app.pinclicks.com/keyword/creative-teachers-gifts/944492744417)
custom teacher gifts (https://app.pinclicks.com/keyword/custom-teacher-gifts/937201669155)
cricut teacher gifts (https://app.pinclicks.com/keyword/cricut-teacher-gifts/906432403711)
new teacher gifts (https://app.pinclicks.com/keyword/new-teacher-gifts/907196120016)
teacher present ideas (https://app.pinclicks.com/keyword/teacher-present-ideas/895742916802)
unique teachers gift (https://app.pinclicks.com/keyword/unique-teachers-gift/923039851207)
handmade gift ideas for best friend (https://app.pinclicks.com/keyword/handmade-gift-ideas-for-best-friend/950167638192)
homemade teacher gifts (https://app.pinclicks.com/keyword/homemade-teacher-gifts/901374530953)
gift box ideas (https://app.pinclicks.com/keyword/gift-box-ideas/927509387526)"
913834900008,"cute gifts for your boyfriend",https://www.pinterest.com/ideas/cute-gifts-for-your-boyfriend/913834900008,71158,0,,
914056077403,"unique bday gifts for best friend",https://www.pinterest.com/ideas/unique-bday-gifts-for-best-friend/914056077403,438,0,,
914298543405,"personalized gifts for students",https://www.pinterest.com/ideas/personalized-gifts-for-students/914298543405,247,0,,
914532470892,"personalized boyfriend gifts",https://www.pinterest.com/ideas/personalized-boyfriend-gifts/914532470892,461,0,"event planning (https://app.pinclicks.com/keyword/event-planning/941870572865)
gifts (https://app.pinclicks.com/keyword/gifts/915305016791)
gifts for adults (https://app.pinclicks.com/keyword/gifts-for-adults/898524447846)","personalized gifts for him (https://app.pinclicks.com/keyword/personalized-gifts-for-him/950058489142)
gift items for boyfriend (https://app.pinclicks.com/keyword/gift-items-for-boyfriend/953519615362)
photo gifts for boyfriend (https://app.pinclicks.com/keyword/photo-gifts-for-boyfriend/958943455145)
unique gift ideas for boyfriend (https://app.pinclicks.com/keyword/unique-gift-ideas-for-boyfriend/914265440343)
thoughtful gifts for boyfriend (https://app.pinclicks.com/keyword/thoughtful-gifts-for-boyfriend/920540824906)
relationship gifts (https://app.pinclicks.com/keyword/relationship-gifts/894102326966)
special gifts for boyfriend (https://app.pinclicks.com/keyword/special-gifts-for-boyfriend/931444903073)
unique anniversary gifts (https://app.pinclicks.com/keyword/unique-anniversary-gifts/923538345863)
personal gifts for boyfriend (https://app.pinclicks.com/keyword/personal-gifts-for-boyfriend/922622548945)
customized gift ideas for boyfriend (https://app.pinclicks.com/keyword/customized-gift-ideas-for-boyfriend/923413111947)"
914698459267,"unique birthday gifts for boyfriend diy cute ideas for him",https://www.pinterest.com/ideas/unique-birthday-gifts-for-boyfriend-diy-cute-ideas-for-him/914698459267,426,0,,
914913421649,"personalized thank you gifts",https://www.pinterest.com/ideas/personalized-thank-you-gifts/914913421649,271,0,,
914917629007,"custom golf gifts",https://www.pinterest.com/ideas/custom-golf-gifts/914917629007,115,0,,
914918043092,"custom bride gifts",https://www.pinterest.com/ideas/custom-bride-gifts/914918043092,201,0,,
914940973950,"personalized cheer gifts",https://www.pinterest.com/ideas/personalized-cheer-gifts/914940973950,203,0,,
915360037765,"unique diy gifts for him",https://www.pinterest.com/ideas/unique-diy-gifts-for-him/915360037765,3303,0,"diy and crafts (https://app.pinclicks.com/keyword/diy-and-crafts/934876475639)
diy event (https://app.pinclicks.com/keyword/diy-event/922120925682)
diy gifts (https://app.pinclicks.com/keyword/diy-gifts/952116175576)","diy gifts for guys (https://app.pinclicks.com/keyword/diy-gifts-for-guys/899000481730)
homemade gifts for him (https://app.pinclicks.com/keyword/homemade-gifts-for-him/939987475527)
homemade gifts for guys (https://app.pinclicks.com/keyword/homemade-gifts-for-guys/893480451846)
handmade gift ideas for him (https://app.pinclicks.com/keyword/handmade-gift-ideas-for-him/954500952105)
easy diy gifts for him (https://app.pinclicks.com/keyword/easy-diy-gifts-for-him/929014982776)
home made gifts for men (https://app.pinclicks.com/keyword/home-made-gifts-for-men/941937776860)
creative diy gifts for him (https://app.pinclicks.com/keyword/creative-diy-gifts-for-him/941078937301)
simple gifts for him (https://app.pinclicks.com/keyword/simple-gifts-for-him/909181107994)
handmade gifts for boyfriend diy unique (https://app.pinclicks.com/keyword/handmade-gifts-for-boyfriend-diy-unique/911685926773)
diy crafts for him (https://app.pinclicks.com/keyword/diy-crafts-for-him/941388640497)"
915365330385,"unique baby shower gifts",https://www.pinterest.com/ideas/unique-baby-shower-gifts/915365330385,13400,0,"parenting (https://app.pinclicks.com/keyword/parenting/920236059316)
baby gifts (https://app.pinclicks.com/keyword/baby-gifts/958744899627)","creative baby shower gift ideas (https://app.pinclicks.com/keyword/creative-baby-shower-gift-ideas/944176137530)
homemade baby shower gifts (https://app.pinclicks.com/keyword/homemade-baby-shower-gifts/927178812235)
cute ways to wrap baby shower gifts (https://app.pinclicks.com/keyword/cute-ways-to-wrap-baby-shower-gifts/952270838448)
unique baby shower themes (https://app.pinclicks.com/keyword/unique-baby-shower-themes/911221253235)
baby shower gift wrapping ideas (https://app.pinclicks.com/keyword/baby-shower-gift-wrapping-ideas/934878249721)
small baby shower gifts (https://app.pinclicks.com/keyword/small-baby-shower-gifts/952326409111)
baby shower gift ideas for mom (https://app.pinclicks.com/keyword/baby-shower-gift-ideas-for-mom/901215482659)
useful baby shower gifts (https://app.pinclicks.com/keyword/useful-baby-shower-gifts/953574354051)
thoughtful baby shower gifts (https://app.pinclicks.com/keyword/thoughtful-baby-shower-gifts/915584756029)
baby shower inspiration (https://app.pinclicks.com/keyword/baby-shower-inspiration/894114750146)"
915423028505,"unique gifts",https://www.pinterest.com/ideas/unique-gifts/915423028505,22887,23183,"event planning (https://app.pinclicks.com/keyword/event-planning/941870572865)
gifts (https://app.pinclicks.com/keyword/gifts/915305016791)","personal gift ideas (https://app.pinclicks.com/keyword/personal-gift-ideas/940614352695)
useful gift ideas (https://app.pinclicks.com/keyword/useful-gift-ideas/949957020078)
nice gifts (https://app.pinclicks.com/keyword/nice-gifts/893610779849)
gift inspiration (https://app.pinclicks.com/keyword/gift-inspiration/960166801272)
special gift ideas (https://app.pinclicks.com/keyword/special-gift-ideas/905838277326)
unique presents (https://app.pinclicks.com/keyword/unique-presents/909489217870)
creative gift ideas (https://app.pinclicks.com/keyword/creative-gift-ideas/958270952879)
cool gift ideas (https://app.pinclicks.com/keyword/cool-gift-ideas/952651561098)
random gifts (https://app.pinclicks.com/keyword/random-gifts/917326856343)
good gifts (https://app.pinclicks.com/keyword/good-gifts/924539438085)"
915573223946,"unique graduation gifts",https://www.pinterest.com/ideas/unique-graduation-gifts/915573223946,3748,0,"event planning (https://app.pinclicks.com/keyword/event-planning/941870572865)
gifts (https://app.pinclicks.com/keyword/gifts/915305016791)
unique gifts (https://app.pinclicks.com/keyword/unique-gifts/915423028505)","cute graduation gifts (https://app.pinclicks.com/keyword/cute-graduation-gifts/909803590352)
creative graduation gifts (https://app.pinclicks.com/keyword/creative-graduation-gifts/941576727585)
graduation present ideas (https://app.pinclicks.com/keyword/graduation-present-ideas/946995687076)
fun graduation gifts (https://app.pinclicks.com/keyword/fun-graduation-gifts/945600638332)
homemade graduation gifts (https://app.pinclicks.com/keyword/homemade-graduation-gifts/939172720484)
cheap graduation gifts (https://app.pinclicks.com/keyword/cheap-graduation-gifts/948485218102)
personalized graduation gifts (https://app.pinclicks.com/keyword/personalized-graduation-gifts/958755959425)
sentimental graduation gifts (https://app.pinclicks.com/keyword/sentimental-graduation-gifts/914368948016)
graduation gift ideas for her (https://app.pinclicks.com/keyword/graduation-gift-ideas-for-her/961521974768)
good graduation gifts (https://app.pinclicks.com/keyword/good-graduation-gifts/925436148492)"
915987343504,"cute birthday gifts for girlfriend",https://www.pinterest.com/ideas/cute-birthday-gifts-for-girlfriend/915987343504,4415,0,,
916424259142,"personalized gifts for mom",https://www.pinterest.com/ideas/personalized-gifts-for-mom/916424259142,664,9,"event planning (https://app.pinclicks.com/keyword/event-planning/941870572865)
gifts (https://app.pinclicks.com/keyword/gifts/915305016791)
gifts for adults (https://app.pinclicks.com/keyword/gifts-for-adults/898524447846)","creative gifts for mom (https://app.pinclicks.com/keyword/creative-gifts-for-mom/920810173485)
cute gifts for mom (https://app.pinclicks.com/keyword/cute-gifts-for-mom/922571947076)
thoughtful gifts for mom (https://app.pinclicks.com/keyword/thoughtful-gifts-for-mom/895447847410)
personalized mothers day gifts (https://app.pinclicks.com/keyword/personalized-mothers-day-gifts/920591971371)
gift ideas for your mom (https://app.pinclicks.com/keyword/gift-ideas-for-your-mom/948866001161)
mom present ideas (https://app.pinclicks.com/keyword/mom-present-ideas/958403205373)
good gifts for mom (https://app.pinclicks.com/keyword/good-gifts-for-mom/944091955762)
christmas gift for mom ideas (https://app.pinclicks.com/keyword/christmas-gift-for-mom-ideas/903925256671)
mama gifts (https://app.pinclicks.com/keyword/mama-gifts/944471264054)
mother christmas gifts (https://app.pinclicks.com/keyword/mother-christmas-gifts/932544229628)"
916649282305,"personalized baby gifts",https://www.pinterest.com/ideas/personalized-baby-gifts/916649282305,6691,1,"parenting (https://app.pinclicks.com/keyword/parenting/920236059316)
baby announcement (https://app.pinclicks.com/keyword/baby-announcement/945545956534)","customized baby gifts (https://app.pinclicks.com/keyword/customized-baby-gifts/945010424728)
baby gift ideas unique (https://app.pinclicks.com/keyword/baby-gift-ideas-unique/910822565187)
cricut baby gifts (https://app.pinclicks.com/keyword/cricut-baby-gifts/912291730637)
personalised baby gifts (https://app.pinclicks.com/keyword/personalised-baby-gifts/916766961899)
new baby gift ideas (https://app.pinclicks.com/keyword/new-baby-gift-ideas/955658018967)
newborn gifts ideas (https://app.pinclicks.com/keyword/newborn-gifts-ideas/902353768428)
baby hamper (https://app.pinclicks.com/keyword/baby-hamper/931861136893)
unique baby shower gifts (https://app.pinclicks.com/keyword/unique-baby-shower-gifts/915365330385)
baby shower prizes (https://app.pinclicks.com/keyword/baby-shower-prizes/905805490547)
handmade baby gifts (https://app.pinclicks.com/keyword/handmade-baby-gifts/943974597003)"
916872235387,"unique birthday gifts",https://www.pinterest.com/ideas/unique-birthday-gifts/916872235387,8835,0,"event planning (https://app.pinclicks.com/keyword/event-planning/941870572865)
gifts (https://app.pinclicks.com/keyword/gifts/915305016791)
unique gifts (https://app.pinclicks.com/keyword/unique-gifts/915423028505)","special birthday gifts (https://app.pinclicks.com/keyword/special-birthday-gifts/932154726605)
thoughtful birthday gifts (https://app.pinclicks.com/keyword/thoughtful-birthday-gifts/934433807910)
quick birthday gifts (https://app.pinclicks.com/keyword/quick-birthday-gifts/918684137938)
creative birthday gifts (https://app.pinclicks.com/keyword/creative-birthday-gifts/957063257296)
personal birthday gifts (https://app.pinclicks.com/keyword/personal-birthday-gifts/950279532741)
good birthday gifts (https://app.pinclicks.com/keyword/good-birthday-gifts/922643682672)
cool birthday gifts (https://app.pinclicks.com/keyword/cool-birthday-gifts/899148809465)
small birthday gifts (https://app.pinclicks.com/keyword/small-birthday-gifts/951140507569)
fun birthday gifts (https://app.pinclicks.com/keyword/fun-birthday-gifts/907566524033)
handmade gift ideas for best friend (https://app.pinclicks.com/keyword/handmade-gift-ideas-for-best-friend/950167638192)"
916878139020,"cute gifts for best friends",https://www.pinterest.com/ideas/cute-gifts-for-best-friends/916878139020,13835,0,"event planning (https://app.pinclicks.com/keyword/event-planning/941870572865)
gifts (https://app.pinclicks.com/keyword/gifts/915305016791)
gifts for friends (https://app.pinclicks.com/keyword/gifts-for-friends/919232753936)","handmade gift ideas for best friend (https://app.pinclicks.com/keyword/handmade-gift-ideas-for-best-friend/950167638192)
bff gift ideas (https://app.pinclicks.com/keyword/bff-gift-ideas/906077771319)
handmade gifts for bestie (https://app.pinclicks.com/keyword/handmade-gifts-for-bestie/952873051767)
gifts for bsf (https://app.pinclicks.com/keyword/gifts-for-bsf/957624998472)
homemade gifts for best friends (https://app.pinclicks.com/keyword/homemade-gifts-for-best-friends/943642176235)
diy birthday gifts (https://app.pinclicks.com/keyword/diy-birthday-gifts/930718343052)
bestie birthday gift ideas (https://app.pinclicks.com/keyword/bestie-birthday-gift-ideas/919882597890)
18th birthday gifts (https://app.pinclicks.com/keyword/18th-birthday-gifts/929536170156)
cute gift ideas for friends (https://app.pinclicks.com/keyword/cute-gift-ideas-for-friends/953418871424)
gifts for besties (https://app.pinclicks.com/keyword/gifts-for-besties/953834522368)"
916887326091,"personalized family gifts",https://www.pinterest.com/ideas/personalized-family-gifts/916887326091,477,0,,
917133519236,"custom cricut gifts",https://www.pinterest.com/ideas/custom-cricut-gifts/917133519236,164,0,,
917135116479,"cute mothers day gifts",https://www.pinterest.com/ideas/cute-mothers-day-gifts/917135116479,18133,0,"event planning (https://app.pinclicks.com/keyword/event-planning/941870572865)","cute mother’s day gifts (https://app.pinclicks.com/keyword/cute-mothers-day-gifts/909603467503)
mothers day present ideas (https://app.pinclicks.com/keyword/mothers-day-present-ideas/934984029829)
easy mothers day gifts (https://app.pinclicks.com/keyword/easy-mothers-day-gifts/957114495904)
mothers day gifts crafts (https://app.pinclicks.com/keyword/mothers-day-gifts-crafts/906110195444)
mother's day diy gifts (https://app.pinclicks.com/keyword/mothers-day-diy-gifts/927948007734)
diy gifts for mom (https://app.pinclicks.com/keyword/diy-gifts-for-mom/899352331393)
diy gifts for mothers day (https://app.pinclicks.com/keyword/diy-gifts-for-mothers-day/958003566627)
creative mother's day gifts (https://app.pinclicks.com/keyword/creative-mothers-day-gifts/906908796063)
mothers day card ideas (https://app.pinclicks.com/keyword/mothers-day-card-ideas/900189898818)
best mothers day gifts (https://app.pinclicks.com/keyword/best-mothers-day-gifts/945698886464)"
917188974894,"cute gifts for sister",https://www.pinterest.com/ideas/cute-gifts-for-sister/917188974894,3454,0,,
917202365484,"diy christmas gifts for coworkers unique",https://www.pinterest.com/ideas/diy-christmas-gifts-for-coworkers-unique/917202365484,400,0,,
917406069707,"unique birthday gifts for bestie",https://www.pinterest.com/ideas/unique-birthday-gifts-for-bestie/917406069707,5642,0,"event planning (https://app.pinclicks.com/keyword/event-planning/941870572865)
gifts (https://app.pinclicks.com/keyword/gifts/915305016791)
unique gifts (https://app.pinclicks.com/keyword/unique-gifts/915423028505)","gifts for your bestie (https://app.pinclicks.com/keyword/gifts-for-your-bestie/896277388275)
creative bday gifts for best friend (https://app.pinclicks.com/keyword/creative-bday-gifts-for-best-friend/910640151762)
handmade gift ideas for best friend (https://app.pinclicks.com/keyword/handmade-gift-ideas-for-best-friend/950167638192)
bestie bday gifts (https://app.pinclicks.com/keyword/bestie-bday-gifts/909986744754)
18th birthday gifts (https://app.pinclicks.com/keyword/18th-birthday-gifts/929536170156)
creative birthday gifts for best friend (https://app.pinclicks.com/keyword/creative-birthday-gifts-for-best-friend/938982178928)
unique best friend birthday gift ideas (https://app.pinclicks.com/keyword/unique-best-friend-birthday-gift-ideas/909057090667)
thoughtful gifts for best friends (https://app.pinclicks.com/keyword/thoughtful-gifts-for-best-friends/924256129167)
unique birthday gifts for best friend (https://app.pinclicks.com/keyword/unique-birthday-gifts-for-best-friend/941853907578)
bff birthday gift ideas creative best friends (https://app.pinclicks.com/keyword/bff-birthday-gift-ideas-creative-best-friends/931600555881)"
917519400784,"cute gifts for her",https://www.pinterest.com/ideas/cute-gifts-for-her/917519400784,2375,0,"event planning (https://app.pinclicks.com/keyword/event-planning/941870572865)
gifts (https://app.pinclicks.com/keyword/gifts/915305016791)
gifts for adults (https://app.pinclicks.com/keyword/gifts-for-adults/898524447846)","best gifts for her (https://app.pinclicks.com/keyword/best-gifts-for-her/947621325377)
handmade gifts for her (https://app.pinclicks.com/keyword/handmade-gifts-for-her/939978042749)
unique gifts for her (https://app.pinclicks.com/keyword/unique-gifts-for-her/941269144067)
handmade gift ideas for best friend (https://app.pinclicks.com/keyword/handmade-gift-ideas-for-best-friend/950167638192)
good gift ideas (https://app.pinclicks.com/keyword/good-gift-ideas/950502720366)
cute gifts for friends (https://app.pinclicks.com/keyword/cute-gifts-for-friends/927406212023)
cute little gifts (https://app.pinclicks.com/keyword/cute-little-gifts/951074724354)
birthday gift ideas for her (https://app.pinclicks.com/keyword/birthday-gift-ideas-for-her/900701251777)
gifts inspo (https://app.pinclicks.com/keyword/gifts-inspo/935241447586)
cute gifts for girlfriend (https://app.pinclicks.com/keyword/cute-gifts-for-girlfriend/896280839108)"
917825075109,"custom picture gifts",https://www.pinterest.com/ideas/custom-picture-gifts/917825075109,238,0,"diy and crafts (https://app.pinclicks.com/keyword/diy-and-crafts/934876475639)
diy event (https://app.pinclicks.com/keyword/diy-event/922120925682)
diy gifts (https://app.pinclicks.com/keyword/diy-gifts/952116175576)","picture present ideas (https://app.pinclicks.com/keyword/picture-present-ideas/912650658647)
diy gifts with pictures (https://app.pinclicks.com/keyword/diy-gifts-with-pictures/960775078002)
photo crafts diy gift ideas (https://app.pinclicks.com/keyword/photo-crafts-diy-gift-ideas/925205759602)
diy gifts with photos (https://app.pinclicks.com/keyword/diy-gifts-with-photos/907290667621)
diy picture gifts (https://app.pinclicks.com/keyword/diy-picture-gifts/906967061661)
diy picture gifts for boyfriend (https://app.pinclicks.com/keyword/diy-picture-gifts-for-boyfriend/939417508793)
gift basket ideas (https://app.pinclicks.com/keyword/gift-basket-ideas/917487513230)
birthday card ideas (https://app.pinclicks.com/keyword/birthday-card-ideas/937447050679)
gift ideas for boyfriend (https://app.pinclicks.com/keyword/gift-ideas-for-boyfriend/909856300440)
picture frame crafts for boyfriend (https://app.pinclicks.com/keyword/picture-frame-crafts-for-boyfriend/904266699540)"
918277867903,"gifts for boyfriend unique",https://www.pinterest.com/ideas/gifts-for-boyfriend-unique/918277867903,479,0,,
918794599678,"personalized gifts for her",https://www.pinterest.com/ideas/personalized-gifts-for-her/918794599678,344,0,"event planning (https://app.pinclicks.com/keyword/event-planning/941870572865)
gifts (https://app.pinclicks.com/keyword/gifts/915305016791)
gifts for adults (https://app.pinclicks.com/keyword/gifts-for-adults/898524447846)","personal gift ideas (https://app.pinclicks.com/keyword/personal-gift-ideas/940614352695)
customised gift ideas (https://app.pinclicks.com/keyword/customised-gift-ideas/955467821877)
cute personalized gifts (https://app.pinclicks.com/keyword/cute-personalized-gifts/903617468084)
personalized gifts for friends (https://app.pinclicks.com/keyword/personalized-gifts-for-friends/913390017428)
personalised gift ideas (https://app.pinclicks.com/keyword/personalised-gift-ideas/941301036581)
unique gift ideas for women (https://app.pinclicks.com/keyword/unique-gift-ideas-for-women/908922224703)
unique gifts for her (https://app.pinclicks.com/keyword/unique-gifts-for-her/941269144067)
customized gift ideas (https://app.pinclicks.com/keyword/customized-gift-ideas/957141406249)
best gifts for her (https://app.pinclicks.com/keyword/best-gifts-for-her/947621325377)
gift ideas for her (https://app.pinclicks.com/keyword/gift-ideas-for-her/947160463299)"
918802121209,"cute gifts for bf",https://www.pinterest.com/ideas/cute-gifts-for-bf/918802121209,7641,0,,
919041361382,"unique handmade gifts",https://www.pinterest.com/ideas/unique-handmade-gifts/919041361382,3084,0,"diy and crafts (https://app.pinclicks.com/keyword/diy-and-crafts/934876475639)
diy event (https://app.pinclicks.com/keyword/diy-event/922120925682)
diy gifts (https://app.pinclicks.com/keyword/diy-gifts/952116175576)","hand crafted gifts ideas (https://app.pinclicks.com/keyword/hand-crafted-gifts-ideas/911690952363)
simple handmade gifts (https://app.pinclicks.com/keyword/simple-handmade-gifts/905582515166)
handmade gifts for women (https://app.pinclicks.com/keyword/handmade-gifts-for-women/950570022743)
handcrafted gifts (https://app.pinclicks.com/keyword/handcrafted-gifts/944367028072)
small handmade gifts (https://app.pinclicks.com/keyword/small-handmade-gifts/942779197948)
handmade gift ideas creative (https://app.pinclicks.com/keyword/handmade-gift-ideas-creative/945621434223)
crafty gift ideas (https://app.pinclicks.com/keyword/crafty-gift-ideas/917299405372)
unique homemade gifts (https://app.pinclicks.com/keyword/unique-homemade-gifts/913627931298)
handmade diy gift ideas (https://app.pinclicks.com/keyword/handmade-diy-gift-ideas/928492364250)
unique diy gifts (https://app.pinclicks.com/keyword/unique-diy-gifts/958335494608)"
920295586539,"custom best friend gifts",https://www.pinterest.com/ideas/custom-best-friend-gifts/920295586539,173,0,,
920408454857,"personalized gifts for grandparents",https://www.pinterest.com/ideas/personalized-gifts-for-grandparents/920408454857,441,0,,
920591971371,"personalized mothers day gifts",https://www.pinterest.com/ideas/personalized-mothers-day-gifts/920591971371,1248,0,"weddings (https://app.pinclicks.com/keyword/weddings/903260720461)","cricut mothers day gifts (https://app.pinclicks.com/keyword/cricut-mothers-day-gifts/902414921954)
mothers day present ideas (https://app.pinclicks.com/keyword/mothers-day-present-ideas/934984029829)
creative mother's day gifts (https://app.pinclicks.com/keyword/creative-mothers-day-gifts/906908796063)
mothers day gifts for friends (https://app.pinclicks.com/keyword/mothers-day-gifts-for-friends/897514804382)
mothers day gifts from daughter (https://app.pinclicks.com/keyword/mothers-day-gifts-from-daughter/938844725971)
mother's day gifts from daughter (https://app.pinclicks.com/keyword/mothers-day-gifts-from-daughter/895065537981)
cute mothers day gifts (https://app.pinclicks.com/keyword/cute-mothers-day-gifts/917135116479)
unique mothers day gifts (https://app.pinclicks.com/keyword/unique-mothers-day-gifts/954467650636)
mother’s day presents (https://app.pinclicks.com/keyword/mothers-day-presents/927148438000)
mother's day diy (https://app.pinclicks.com/keyword/mothers-day-diy/935121177002)"
920623376620,"unique housewarming gifts",https://www.pinterest.com/ideas/unique-housewarming-gifts/920623376620,5675,0,"event planning (https://app.pinclicks.com/keyword/event-planning/941870572865)
gifts (https://app.pinclicks.com/keyword/gifts/915305016791)
unique gifts (https://app.pinclicks.com/keyword/unique-gifts/915423028505)","small housewarming gift (https://app.pinclicks.com/keyword/small-housewarming-gift/928273388734)
new home gift ideas diy (https://app.pinclicks.com/keyword/new-home-gift-ideas-diy/955869923628)
traditional housewarming gifts (https://app.pinclicks.com/keyword/traditional-housewarming-gifts/937120529855)
diy housewarming gift ideas (https://app.pinclicks.com/keyword/diy-housewarming-gift-ideas/894453522910)
practical housewarming gifts (https://app.pinclicks.com/keyword/practical-housewarming-gifts/936749894883)
new house gift basket (https://app.pinclicks.com/keyword/new-house-gift-basket/897622488305)
personalized housewarming gifts (https://app.pinclicks.com/keyword/personalized-housewarming-gifts/959594182539)
best housewarming gifts (https://app.pinclicks.com/keyword/best-housewarming-gifts/934310490433)
home warming basket (https://app.pinclicks.com/keyword/home-warming-basket/929046607320)
apartment warming gift (https://app.pinclicks.com/keyword/apartment-warming-gift/893641882693)"
920929090154,"cute gifts for your girlfriend",https://www.pinterest.com/ideas/cute-gifts-for-your-girlfriend/920929090154,6044,0,,
921187657388,"diy personalized christmas gifts",https://www.pinterest.com/ideas/diy-personalized-christmas-gifts/921187657388,280,0,,
921432655071,"unique gifts for boyfriend birthday",https://www.pinterest.com/ideas/unique-gifts-for-boyfriend-birthday/921432655071,705,0,,
921799133361,"personalized birthday gifts",https://www.pinterest.com/ideas/personalized-birthday-gifts/921799133361,1743,0,"event planning (https://app.pinclicks.com/keyword/event-planning/941870572865)
gifts (https://app.pinclicks.com/keyword/gifts/915305016791)
gifts for adults (https://app.pinclicks.com/keyword/gifts-for-adults/898524447846)","customised gift ideas (https://app.pinclicks.com/keyword/customised-gift-ideas/955467821877)
personal birthday gifts (https://app.pinclicks.com/keyword/personal-birthday-gifts/950279532741)
special birthday gifts (https://app.pinclicks.com/keyword/special-birthday-gifts/932154726605)
personalized gifts for friends (https://app.pinclicks.com/keyword/personalized-gifts-for-friends/913390017428)
creative birthday gifts (https://app.pinclicks.com/keyword/creative-birthday-gifts/957063257296)
customized gift ideas (https://app.pinclicks.com/keyword/customized-gift-ideas/957141406249)
personalised gift ideas (https://app.pinclicks.com/keyword/personalised-gift-ideas/941301036581)
thoughtful birthday gifts (https://app.pinclicks.com/keyword/thoughtful-birthday-gifts/934433807910)
cricut birthday gifts (https://app.pinclicks.com/keyword/cricut-birthday-gifts/933516531447)
unique birthday gift ideas (https://app.pinclicks.com/keyword/unique-birthday-gift-ideas/904431569019)"
921819568710,"valentines day personalized gifts",https://www.pinterest.com/ideas/valentines-day-personalized-gifts/921819568710,222,0,,
922110592051,"christmas presents for boyfriend ideas unique gifts",https://www.pinterest.com/ideas/christmas-presents-for-boyfriend-ideas-unique-gifts/922110592051,480,0,"event planning (https://app.pinclicks.com/keyword/event-planning/941870572865)
gifts (https://app.pinclicks.com/keyword/gifts/915305016791)
unique gifts (https://app.pinclicks.com/keyword/unique-gifts/915423028505)","creative gifts for boyfriend christmas (https://app.pinclicks.com/keyword/creative-gifts-for-boyfriend-christmas/926498590618)
handmade gifts for boyfriend christmas (https://app.pinclicks.com/keyword/handmade-gifts-for-boyfriend-christmas/923318418695)
things to get your boyfriend christmas (https://app.pinclicks.com/keyword/things-to-get-your-boyfriend-christmas/895081454273)
diy christmas gifts for boyfriend creative (https://app.pinclicks.com/keyword/diy-christmas-gifts-for-boyfriend-creative/901131722792)
unique gift ideas for boyfriend (https://app.pinclicks.com/keyword/unique-gift-ideas-for-boyfriend/914265440343)
homemade gifts for boyfriend christmas (https://app.pinclicks.com/keyword/homemade-gifts-for-boyfriend-christmas/895401630859)
cute christmas ideas for boyfriend (https://app.pinclicks.com/keyword/cute-christmas-ideas-for-boyfriend/905104272263)
best christmas gifts for boyfriend (https://app.pinclicks.com/keyword/best-christmas-gifts-for-boyfriend/916031331114)
meaningful gifts for boyfriend (https://app.pinclicks.com/keyword/meaningful-gifts-for-boyfriend/902076212172)
xmas presents for boyfriend (https://app.pinclicks.com/keyword/xmas-presents-for-boyfriend/894266508336)"
922571947076,"cute gifts for mom",https://www.pinterest.com/ideas/cute-gifts-for-mom/922571947076,7446,0,"event planning (https://app.pinclicks.com/keyword/event-planning/941870572865)
gifts (https://app.pinclicks.com/keyword/gifts/915305016791)
gifts for adults (https://app.pinclicks.com/keyword/gifts-for-adults/898524447846)","creative gifts for mom (https://app.pinclicks.com/keyword/creative-gifts-for-mom/920810173485)
handmade gift ideas for best friend (https://app.pinclicks.com/keyword/handmade-gift-ideas-for-best-friend/950167638192)
good gifts for mom (https://app.pinclicks.com/keyword/good-gifts-for-mom/944091955762)
gift ideas for your mom (https://app.pinclicks.com/keyword/gift-ideas-for-your-mom/948866001161)
gifts for my mom (https://app.pinclicks.com/keyword/gifts-for-my-mom/938962100889)
gifts to get your mom (https://app.pinclicks.com/keyword/gifts-to-get-your-mom/942824199826)
present ideas for mom (https://app.pinclicks.com/keyword/present-ideas-for-mom/956469437773)
gifts for moms birthday ideas (https://app.pinclicks.com/keyword/gifts-for-moms-birthday-ideas/904210633544)
best gifts for mom (https://app.pinclicks.com/keyword/best-gifts-for-mom/907488818923)
cute gifts for friends (https://app.pinclicks.com/keyword/cute-gifts-for-friends/927406212023)"
922635365080,"custom gifts",https://www.pinterest.com/ideas/custom-gifts/922635365080,6502,0,,
923538345863,"unique anniversary gifts",https://www.pinterest.com/ideas/unique-anniversary-gifts/923538345863,6441,0,"event planning (https://app.pinclicks.com/keyword/event-planning/941870572865)
gifts (https://app.pinclicks.com/keyword/gifts/915305016791)
gifts for adults (https://app.pinclicks.com/keyword/gifts-for-adults/898524447846)","anniversary gifts for men (https://app.pinclicks.com/keyword/anniversary-gifts-for-men/940859769391)
handmade anniversary gifts (https://app.pinclicks.com/keyword/handmade-anniversary-gifts/896467591243)
creative anniversary gifts (https://app.pinclicks.com/keyword/creative-anniversary-gifts/937051645482)
homemade anniversary gifts (https://app.pinclicks.com/keyword/homemade-anniversary-gifts/944366600316)
wedding anniversary gift ideas for him (https://app.pinclicks.com/keyword/wedding-anniversary-gift-ideas-for-him/900718712146)
small anniversary gifts (https://app.pinclicks.com/keyword/small-anniversary-gifts/924162347635)
meaningful gifts for boyfriend (https://app.pinclicks.com/keyword/meaningful-gifts-for-boyfriend/902076212172)
sentimental gifts for boyfriend (https://app.pinclicks.com/keyword/sentimental-gifts-for-boyfriend/938673325229)
marriage anniversary gifts (https://app.pinclicks.com/keyword/marriage-anniversary-gifts/895709662637)
best anniversary gifts (https://app.pinclicks.com/keyword/best-anniversary-gifts/893701424742)"
923769827634,"unique birthday gifts for boyfriend",https://www.pinterest.com/ideas/unique-birthday-gifts-for-boyfriend/923769827634,2458,0,,
924285732162,"unique baby shower gifts for boys",https://www.pinterest.com/ideas/unique-baby-shower-gifts-for-boys/924285732162,261,0,"parenting (https://app.pinclicks.com/keyword/parenting/920236059316)
baby gifts (https://app.pinclicks.com/keyword/baby-gifts/958744899627)","creative baby shower gift ideas (https://app.pinclicks.com/keyword/creative-baby-shower-gift-ideas/944176137530)
diy baby shower gifts for boys (https://app.pinclicks.com/keyword/diy-baby-shower-gifts-for-boys/911473055824)
diy baby shower gifts homemade (https://app.pinclicks.com/keyword/diy-baby-shower-gifts-homemade/953790029905)
baby shower basket gift ideas boy (https://app.pinclicks.com/keyword/baby-shower-basket-gift-ideas-boy/905947743088)
thoughtful baby shower gifts (https://app.pinclicks.com/keyword/thoughtful-baby-shower-gifts/915584756029)
baby shower gift ideas for games (https://app.pinclicks.com/keyword/baby-shower-gift-ideas-for-games/928406370882)
baby shower photoshoot (https://app.pinclicks.com/keyword/baby-shower-photoshoot/944709375012)
cheap baby shower gifts (https://app.pinclicks.com/keyword/cheap-baby-shower-gifts/913441668412)
best baby shower gifts (https://app.pinclicks.com/keyword/best-baby-shower-gifts/951921625316)
we can bearly wait baby shower theme (https://app.pinclicks.com/keyword/we-can-bearly-wait-baby-shower-theme/900304267586)"
924306655052,"personalized pet gifts",https://www.pinterest.com/ideas/personalized-pet-gifts/924306655052,432,0,,
924814304181,"personalized gifts for men",https://www.pinterest.com/ideas/personalized-gifts-for-men/924814304181,2366,0,"event planning (https://app.pinclicks.com/keyword/event-planning/941870572865)
gifts (https://app.pinclicks.com/keyword/gifts/915305016791)
gifts for adults (https://app.pinclicks.com/keyword/gifts-for-adults/898524447846)","personalized gifts for boyfriend (https://app.pinclicks.com/keyword/personalized-gifts-for-boyfriend/897802018143)
unique gifts for men (https://app.pinclicks.com/keyword/unique-gifts-for-men/908027981916)
wedding gifts for men (https://app.pinclicks.com/keyword/wedding-gifts-for-men/944757907577)
diy gift set (https://app.pinclicks.com/keyword/diy-gift-set/950815714582)
gift basket ideas (https://app.pinclicks.com/keyword/gift-basket-ideas/917487513230)
birthday gift ideas (https://app.pinclicks.com/keyword/birthday-gift-ideas/909380455025)
birthday wishlist (https://app.pinclicks.com/keyword/birthday-wishlist/949908782912)
gift ideas for boyfriend (https://app.pinclicks.com/keyword/gift-ideas-for-boyfriend/909856300440)
anniversary gift ideas for him (https://app.pinclicks.com/keyword/anniversary-gift-ideas-for-him/916689602660)
graduation gift ideas (https://app.pinclicks.com/keyword/graduation-gift-ideas/954945075954)"
924825661078,"custom gifts ideas",https://www.pinterest.com/ideas/custom-gifts-ideas/924825661078,209,0,,"useful gift ideas (https://app.pinclicks.com/keyword/useful-gift-ideas/949957020078)
customised gift ideas (https://app.pinclicks.com/keyword/customised-gift-ideas/955467821877)
creative gift ideas (https://app.pinclicks.com/keyword/creative-gift-ideas/958270952879)
new gift ideas (https://app.pinclicks.com/keyword/new-gift-ideas/938373864988)
customizable gifts (https://app.pinclicks.com/keyword/customizable-gifts/924131508453)
gift design ideas (https://app.pinclicks.com/keyword/gift-design-ideas/906625348297)
gift items ideas (https://app.pinclicks.com/keyword/gift-items-ideas/903768258457)
cool gift ideas (https://app.pinclicks.com/keyword/cool-gift-ideas/952651561098)
unique presents (https://app.pinclicks.com/keyword/unique-presents/909489217870)
unique gift ideas (https://app.pinclicks.com/keyword/unique-gift-ideas/950158189340)"
925522949927,"personalized retirement gifts",https://www.pinterest.com/ideas/personalized-retirement-gifts/925522949927,238,0,,
926216885677,"unique gifts for kids",https://www.pinterest.com/ideas/unique-gifts-for-kids/926216885677,1070,0,"event planning (https://app.pinclicks.com/keyword/event-planning/941870572865)
gifts (https://app.pinclicks.com/keyword/gifts/915305016791)
gifts for kids (https://app.pinclicks.com/keyword/gifts-for-kids/935435858853)","diy gifts for children (https://app.pinclicks.com/keyword/diy-gifts-for-children/925099426743)
homemade gifts for kids (https://app.pinclicks.com/keyword/homemade-gifts-for-kids/941433720405)
gift ideas for children (https://app.pinclicks.com/keyword/gift-ideas-for-children/913641474755)
gifts for kids to make (https://app.pinclicks.com/keyword/gifts-for-kids-to-make/897340126264)
handmade gifts for kids (https://app.pinclicks.com/keyword/handmade-gifts-for-kids/909410374797)
diy gifts for kids (https://app.pinclicks.com/keyword/diy-gifts-for-kids/945350815966)
small gifts for kids (https://app.pinclicks.com/keyword/small-gifts-for-kids/943644541752)
craft gifts for kids (https://app.pinclicks.com/keyword/craft-gifts-for-kids/952085005471)
cool gifts for kids (https://app.pinclicks.com/keyword/cool-gifts-for-kids/936527359747)
non toy gifts for kids (https://app.pinclicks.com/keyword/non-toy-gifts-for-kids/942229268230)"
926268614553,"custom dad gifts",https://www.pinterest.com/ideas/custom-dad-gifts/926268614553,209,0,,
926832805196,"personalized gifts for kids",https://www.pinterest.com/ideas/personalized-gifts-for-kids/926832805196,2086,0,"event planning (https://app.pinclicks.com/keyword/event-planning/941870572865)
gifts (https://app.pinclicks.com/keyword/gifts/915305016791)
gifts for kids (https://app.pinclicks.com/keyword/gifts-for-kids/935435858853)","kids present ideas (https://app.pinclicks.com/keyword/kids-present-ideas/927447014550)
gift ideas for children (https://app.pinclicks.com/keyword/gift-ideas-for-children/913641474755)
cricut gifts for kids (https://app.pinclicks.com/keyword/cricut-gifts-for-kids/916506902993)
diy gifts for children (https://app.pinclicks.com/keyword/diy-gifts-for-children/925099426743)
baby personalized gift ideas (https://app.pinclicks.com/keyword/baby-personalized-gift-ideas/928834452175)
christmas gifts for children (https://app.pinclicks.com/keyword/christmas-gifts-for-children/895914103757)
cool gifts for kids (https://app.pinclicks.com/keyword/cool-gifts-for-kids/936527359747)
gift baskets for kids (https://app.pinclicks.com/keyword/gift-baskets-for-kids/928538289267)
homemade kids gifts (https://app.pinclicks.com/keyword/homemade-kids-gifts/896889865607)
customized baby gifts (https://app.pinclicks.com/keyword/customized-baby-gifts/945010424728)"
926846290140,"unique wedding gifts for guests",https://www.pinterest.com/ideas/unique-wedding-gifts-for-guests/926846290140,395,0,,
927321294709,"cute baby shower gifts",https://www.pinterest.com/ideas/cute-baby-shower-gifts/927321294709,8108,0,"event planning (https://app.pinclicks.com/keyword/event-planning/941870572865)
gifts (https://app.pinclicks.com/keyword/gifts/915305016791)
gifts ideas (https://app.pinclicks.com/keyword/gifts-ideas/901940346147)","creative baby shower gift ideas (https://app.pinclicks.com/keyword/creative-baby-shower-gift-ideas/944176137530)
homemade baby shower gifts (https://app.pinclicks.com/keyword/homemade-baby-shower-gifts/927178812235)
baby shower present ideas (https://app.pinclicks.com/keyword/baby-shower-present-ideas/896345468364)
small baby shower gifts (https://app.pinclicks.com/keyword/small-baby-shower-gifts/952326409111)
unique baby shower gifts (https://app.pinclicks.com/keyword/unique-baby-shower-gifts/915365330385)
best baby shower gifts (https://app.pinclicks.com/keyword/best-baby-shower-gifts/951921625316)
baby shower gift ideas for mom (https://app.pinclicks.com/keyword/baby-shower-gift-ideas-for-mom/901215482659)
baby shower prizes (https://app.pinclicks.com/keyword/baby-shower-prizes/905805490547)
baby shower outfit ideas (https://app.pinclicks.com/keyword/baby-shower-outfit-ideas/958965930902)
baby shower gifts for games (https://app.pinclicks.com/keyword/baby-shower-gifts-for-games/932917105910)"
927344843897,"unique gifts for friends",https://www.pinterest.com/ideas/unique-gifts-for-friends/927344843897,1113,0,,
927406212023,"cute gifts for friends",https://www.pinterest.com/ideas/cute-gifts-for-friends/927406212023,68110,0,"event planning (https://app.pinclicks.com/keyword/event-planning/941870572865)
gifts (https://app.pinclicks.com/keyword/gifts/915305016791)
gifts for friends (https://app.pinclicks.com/keyword/gifts-for-friends/919232753936)","handmade gift ideas for best friend (https://app.pinclicks.com/keyword/handmade-gift-ideas-for-best-friend/950167638192)
creative gifts for friends (https://app.pinclicks.com/keyword/creative-gifts-for-friends/949083819101)
gifts to give friends (https://app.pinclicks.com/keyword/gifts-to-give-friends/908187433745)
diy gift set (https://app.pinclicks.com/keyword/diy-gift-set/950815714582)
gifts for your friends (https://app.pinclicks.com/keyword/gifts-for-your-friends/947569520511)
little gifts for friends (https://app.pinclicks.com/keyword/little-gifts-for-friends/913617371900)
cute gift ideas (https://app.pinclicks.com/keyword/cute-gift-ideas/928364135088)
handmade gifts for bestie (https://app.pinclicks.com/keyword/handmade-gifts-for-bestie/952873051767)
small gifts for boyfriend (https://app.pinclicks.com/keyword/small-gifts-for-boyfriend/935532916855)
happy birthday gifts (https://app.pinclicks.com/keyword/happy-birthday-gifts/911254497581)"
927456621718,"unique birthday gifts for wife",https://www.pinterest.com/ideas/unique-birthday-gifts-for-wife/927456621718,620,0,,
929409181206,"unique bridal shower gifts",https://www.pinterest.com/ideas/unique-bridal-shower-gifts/929409181206,3314,0,,
929615022941,"personalized softball gifts",https://www.pinterest.com/ideas/personalized-softball-gifts/929615022941,237,0,,
929638099329,"custom valentines gifts",https://www.pinterest.com/ideas/custom-valentines-gifts/929638099329,766,0,,
929685909458,"unique gifts for sister",https://www.pinterest.com/ideas/unique-gifts-for-sister/929685909458,2254,0,,
929744379374,"unique graduation gifts high schools",https://www.pinterest.com/ideas/unique-graduation-gifts-high-schools/929744379374,398,0,,
930239674574,"cute valentines day gifts",https://www.pinterest.com/ideas/cute-valentines-day-gifts/930239674574,33876,0,"event planning (https://app.pinclicks.com/keyword/event-planning/941870572865)
gifts (https://app.pinclicks.com/keyword/gifts/915305016791)
gifts for adults (https://app.pinclicks.com/keyword/gifts-for-adults/898524447846)","cute valentine’s day gifts (https://app.pinclicks.com/keyword/cute-valentines-day-gifts/957056630175)
ideas for valentines day gifts (https://app.pinclicks.com/keyword/ideas-for-valentines-day-gifts/900954117888)
diy gifts for valentines day (https://app.pinclicks.com/keyword/diy-gifts-for-valentines-day/907935937707)
valentine’s day presents (https://app.pinclicks.com/keyword/valentines-day-presents/903613666238)
handmade things for boyfriend (https://app.pinclicks.com/keyword/handmade-things-for-boyfriend/899487392325)
cute valentines day ideas (https://app.pinclicks.com/keyword/cute-valentines-day-ideas/932035667618)
diy valentines gifts for boyfriend (https://app.pinclicks.com/keyword/diy-valentines-gifts-for-boyfriend/918224041562)
vday gifts (https://app.pinclicks.com/keyword/vday-gifts/895059687442)
valentines day presents (https://app.pinclicks.com/keyword/valentines-day-presents/895858422710)
valentines day gifts for her (https://app.pinclicks.com/keyword/valentines-day-gifts-for-her/904027135757)"
930315587654,"custom kids gifts",https://www.pinterest.com/ideas/custom-kids-gifts/930315587654,120,0,,
930519076797,"custom client gifts",https://www.pinterest.com/ideas/custom-client-gifts/930519076797,115,0,,
930530715480,"unique mother’s day gifts",https://www.pinterest.com/ideas/unique-mothers-day-gifts/930530715480,696,0,,
930677917243,"unique wedding gifts for bride and groom",https://www.pinterest.com/ideas/unique-wedding-gifts-for-bride-and-groom/930677917243,4487,0,"weddings (https://app.pinclicks.com/keyword/weddings/903260720461)
wedding gifts (https://app.pinclicks.com/keyword/wedding-gifts/958770377703)
wedding gifts ideas (https://app.pinclicks.com/keyword/wedding-gifts-ideas/905587266163)","creative wedding gifts for the couple (https://app.pinclicks.com/keyword/creative-wedding-gifts-for-the-couple/927403527818)
unique wedding gift ideas for couple (https://app.pinclicks.com/keyword/unique-wedding-gift-ideas-for-couple/911302714929)
wedding photo ideas (https://app.pinclicks.com/keyword/wedding-photo-ideas/953984357510)
wedding gift for husband (https://app.pinclicks.com/keyword/wedding-gift-for-husband/925060735065)
grooms gifts from the bride (https://app.pinclicks.com/keyword/grooms-gifts-from-the-bride/902632146843)
custom wedding gifts (https://app.pinclicks.com/keyword/custom-wedding-gifts/913289912696)
personalized wedding gifts for couple (https://app.pinclicks.com/keyword/personalized-wedding-gifts-for-couple/956993464688)
personal wedding gifts (https://app.pinclicks.com/keyword/personal-wedding-gifts/945178283107)
thoughtful wedding gifts (https://app.pinclicks.com/keyword/thoughtful-wedding-gifts/940049651222)
cute wedding gifts (https://app.pinclicks.com/keyword/cute-wedding-gifts/918356645113)"
931030312842,"diy gifts for boyfriend unique for him",https://www.pinterest.com/ideas/diy-gifts-for-boyfriend-unique-for-him/931030312842,424,0,"diy and crafts (https://app.pinclicks.com/keyword/diy-and-crafts/934876475639)
diy event (https://app.pinclicks.com/keyword/diy-event/922120925682)
diy gifts (https://app.pinclicks.com/keyword/diy-gifts/952116175576)","handmade gifts for boyfriend diy unique (https://app.pinclicks.com/keyword/handmade-gifts-for-boyfriend-diy-unique/911685926773)
unique gift ideas for boyfriend (https://app.pinclicks.com/keyword/unique-gift-ideas-for-boyfriend/914265440343)
easy gift ideas for boyfriend (https://app.pinclicks.com/keyword/easy-gift-ideas-for-boyfriend/925815140867)
home made gifts for boyfriend diy (https://app.pinclicks.com/keyword/home-made-gifts-for-boyfriend-diy/951180259399)
cute handmade gifts for boyfriend creative (https://app.pinclicks.com/keyword/cute-handmade-gifts-for-boyfriend-creative/932007155185)
unique birthday gifts for boyfriend diy (https://app.pinclicks.com/keyword/unique-birthday-gifts-for-boyfriend-diy/912895133775)
creative gift ideas for boyfriend diy (https://app.pinclicks.com/keyword/creative-gift-ideas-for-boyfriend-diy/913885869968)
creative diy gifts for him (https://app.pinclicks.com/keyword/creative-diy-gifts-for-him/941078937301)
crafty gifts for boyfriend (https://app.pinclicks.com/keyword/crafty-gifts-for-boyfriend/911661530714)
thoughtful gifts for boyfriend diy (https://app.pinclicks.com/keyword/thoughtful-gifts-for-boyfriend-diy/941289617828)"
931128914393,"unique photo gifts",https://www.pinterest.com/ideas/unique-photo-gifts/931128914393,2256,0,"event planning (https://app.pinclicks.com/keyword/event-planning/941870572865)
gifts (https://app.pinclicks.com/keyword/gifts/915305016791)
unique gifts (https://app.pinclicks.com/keyword/unique-gifts/915423028505)","picture present ideas (https://app.pinclicks.com/keyword/picture-present-ideas/912650658647)
photo present ideas (https://app.pinclicks.com/keyword/photo-present-ideas/893619522601)
gift ideas with pictures (https://app.pinclicks.com/keyword/gift-ideas-with-pictures/894734766986)
personalized photo gifts (https://app.pinclicks.com/keyword/personalized-photo-gifts/960708505166)
gift ideas with photos (https://app.pinclicks.com/keyword/gift-ideas-with-photos/949387531854)
photography gift ideas (https://app.pinclicks.com/keyword/photography-gift-ideas/953754048496)
photo gift ideas for friends (https://app.pinclicks.com/keyword/photo-gift-ideas-for-friends/923041072812)
birthday gift ideas (https://app.pinclicks.com/keyword/birthday-gift-ideas/909380455025)
birthday wishlist (https://app.pinclicks.com/keyword/birthday-wishlist/949908782912)
gift ideas for boyfriend (https://app.pinclicks.com/keyword/gift-ideas-for-boyfriend/909856300440)"
931439286928,"unique teacher gifts",https://www.pinterest.com/ideas/unique-teacher-gifts/931439286928,2593,0,,
931921443369,"personalized gifts for girls",https://www.pinterest.com/ideas/personalized-gifts-for-girls/931921443369,227,0,,
932167781428,"unique christmas gifts diy",https://www.pinterest.com/ideas/unique-christmas-gifts-diy/932167781428,7578,0,,
933039242737,"unique gifts diy creative craft ideas",https://www.pinterest.com/ideas/unique-gifts-diy-creative-craft-ideas/933039242737,850,0,,
933077005041,"cute gifts for gf",https://www.pinterest.com/ideas/cute-gifts-for-gf/933077005041,2360,0,,
933149167778,"custom baby shower gifts",https://www.pinterest.com/ideas/custom-baby-shower-gifts/933149167778,523,0,,
933413403309,"unique valentines gifts for him",https://www.pinterest.com/ideas/unique-valentines-gifts-for-him/933413403309,3757,0,"event planning (https://app.pinclicks.com/keyword/event-planning/941870572865)
gifts (https://app.pinclicks.com/keyword/gifts/915305016791)
gifts for adults (https://app.pinclicks.com/keyword/gifts-for-adults/898524447846)","homemade valentines day gifts for boyfriend (https://app.pinclicks.com/keyword/homemade-valentines-day-gifts-for-boyfriend/899257515561)
gift ideas for valentines day for him (https://app.pinclicks.com/keyword/gift-ideas-for-valentines-day-for-him/911872965941)
homemade valentines day gifts for him (https://app.pinclicks.com/keyword/homemade-valentines-day-gifts-for-him/948218744563)
home made valentines gift for boyfriend (https://app.pinclicks.com/keyword/home-made-valentines-gift-for-boyfriend/912953540778)
homemade valentines gift for boyfriend (https://app.pinclicks.com/keyword/homemade-valentines-gift-for-boyfriend/935542020164)
vday gifts for him diy (https://app.pinclicks.com/keyword/vday-gifts-for-him-diy/941128787584)
cute diy valentines gifts for him (https://app.pinclicks.com/keyword/cute-diy-valentines-gifts-for-him/961712368323)
small valentines day gifts for him (https://app.pinclicks.com/keyword/small-valentines-day-gifts-for-him/947325752741)
diy valentine's day gifts for boyfriend (https://app.pinclicks.com/keyword/diy-valentines-day-gifts-for-boyfriend/956649575861)
diy valentines gifts for boyfriend (https://app.pinclicks.com/keyword/diy-valentines-gifts-for-boyfriend/918224041562)"
933698321160,"unique teacher appreciation gifts diy",https://www.pinterest.com/ideas/unique-teacher-appreciation-gifts-diy/933698321160,836,0,,
934365821673,"personalized student gifts from teacher",https://www.pinterest.com/ideas/personalized-student-gifts-from-teacher/934365821673,296,0,,
934668984764,"cute gifts for bestie",https://www.pinterest.com/ideas/cute-gifts-for-bestie/934668984764,2308,0,"event planning (https://app.pinclicks.com/keyword/event-planning/941870572865)
gifts (https://app.pinclicks.com/keyword/gifts/915305016791)
gifts for friends (https://app.pinclicks.com/keyword/gifts-for-friends/919232753936)","handmade gift ideas for best friend (https://app.pinclicks.com/keyword/handmade-gift-ideas-for-best-friend/950167638192)
aesthetic gifts (https://app.pinclicks.com/keyword/aesthetic-gifts/932602743289)
sentimental gifts for best friend (https://app.pinclicks.com/keyword/sentimental-gifts-for-best-friend/902381649942)
best friend match (https://app.pinclicks.com/keyword/best-friend-match/915984243131)
diy gifts for best friend (https://app.pinclicks.com/keyword/diy-gifts-for-best-friend/921107534434)
cute birthday gifts for best friend (https://app.pinclicks.com/keyword/cute-birthday-gifts-for-best-friend/938202678551)
birthday gift ideas for best friend (https://app.pinclicks.com/keyword/birthday-gift-ideas-for-best-friend/894822173080)
bff birthday gift (https://app.pinclicks.com/keyword/bff-birthday-gift/933952094822)
gift box for boyfriend (https://app.pinclicks.com/keyword/gift-box-for-boyfriend/937517081204)
friendship gifts (https://app.pinclicks.com/keyword/friendship-gifts/914705869118)"
934752985740,"small personalized gifts",https://www.pinterest.com/ideas/small-personalized-gifts/934752985740,354,0,,
934799730831,"cute anniversary gifts",https://www.pinterest.com/ideas/cute-anniversary-gifts/934799730831,37323,0,"event planning (https://app.pinclicks.com/keyword/event-planning/941870572865)
gifts (https://app.pinclicks.com/keyword/gifts/915305016791)
gifts ideas (https://app.pinclicks.com/keyword/gifts-ideas/901940346147)","cute anniversary ideas (https://app.pinclicks.com/keyword/cute-anniversary-ideas/931108297482)
first anniversary gift for boyfriend (https://app.pinclicks.com/keyword/first-anniversary-gift-for-boyfriend/956664729288)
small anniversary gifts (https://app.pinclicks.com/keyword/small-anniversary-gifts/924162347635)
unique anniversary gifts (https://app.pinclicks.com/keyword/unique-anniversary-gifts/923538345863)
meaningful gifts for boyfriend (https://app.pinclicks.com/keyword/meaningful-gifts-for-boyfriend/902076212172)
anniversary presents for him (https://app.pinclicks.com/keyword/anniversary-presents-for-him/911162381086)
creative anniversary gifts (https://app.pinclicks.com/keyword/creative-anniversary-gifts/937051645482)
creative gifts for boyfriend (https://app.pinclicks.com/keyword/creative-gifts-for-boyfriend/955689160138)
handmade anniversary gifts (https://app.pinclicks.com/keyword/handmade-anniversary-gifts/896467591243)
anniversary present ideas (https://app.pinclicks.com/keyword/anniversary-present-ideas/896754399927)"
934985912510,"diy personalized baby gifts",https://www.pinterest.com/ideas/diy-personalized-baby-gifts/934985912510,341,0,,
935449325719,"custom baseball gifts",https://www.pinterest.com/ideas/custom-baseball-gifts/935449325719,143,0,,"end of season baseball gifts for players (https://app.pinclicks.com/keyword/end-of-season-baseball-gifts-for-players/957399262493)
baseball coach gift ideas diy (https://app.pinclicks.com/keyword/baseball-coach-gift-ideas-diy/903020570274)
baseball gift basket (https://app.pinclicks.com/keyword/baseball-gift-basket/911002409466)
senior baseball gift ideas (https://app.pinclicks.com/keyword/senior-baseball-gift-ideas/896940234368)
baseball basket ideas for boyfriend (https://app.pinclicks.com/keyword/baseball-basket-ideas-for-boyfriend/956135850492)
tball coach gift ideas (https://app.pinclicks.com/keyword/tball-coach-gift-ideas/907642451142)
sports gifts (https://app.pinclicks.com/keyword/sports-gifts/918449709353)
baseball gifts for players (https://app.pinclicks.com/keyword/baseball-gifts-for-players/923869907495)
baseball team gifts (https://app.pinclicks.com/keyword/baseball-team-gifts/905030083491)
gifts for baseball players (https://app.pinclicks.com/keyword/gifts-for-baseball-players/936437381521)"
935787777051,"unique gifts for teachers",https://www.pinterest.com/ideas/unique-gifts-for-teachers/935787777051,395,0,,
935813310403,"unique wedding gifts for couple",https://www.pinterest.com/ideas/unique-wedding-gifts-for-couple/935813310403,1630,0,,
935857123939,"unique teacher appreciation gifts",https://www.pinterest.com/ideas/unique-teacher-appreciation-gifts/935857123939,5464,0,"education (https://app.pinclicks.com/keyword/education/922134410098)
teacher resources (https://app.pinclicks.com/keyword/teacher-resources/920023336761)","teacher appreciation gifts diy creative (https://app.pinclicks.com/keyword/teacher-appreciation-gifts-diy-creative/925675608912)
teacher appreciation basket ideas (https://app.pinclicks.com/keyword/teacher-appreciation-basket-ideas/896357318231)
teacher appreciation gifts from students (https://app.pinclicks.com/keyword/teacher-appreciation-gifts-from-students/918543535217)
last minute teacher appreciation gifts (https://app.pinclicks.com/keyword/last-minute-teacher-appreciation-gifts/914877375257)
gift ideas for teachers appreciation (https://app.pinclicks.com/keyword/gift-ideas-for-teachers-appreciation/915523503818)
simple teacher appreciation gifts (https://app.pinclicks.com/keyword/simple-teacher-appreciation-gifts/922028833253)
cute teacher appreciation gifts (https://app.pinclicks.com/keyword/cute-teacher-appreciation-gifts/953386148513)
best teacher appreciation gifts (https://app.pinclicks.com/keyword/best-teacher-appreciation-gifts/908196358876)
preschool teacher appreciation gifts (https://app.pinclicks.com/keyword/preschool-teacher-appreciation-gifts/914074134907)
teacher appreciation gift baskets (https://app.pinclicks.com/keyword/teacher-appreciation-gift-baskets/933733617568)"
935893002275,"unique gifts for men creative",https://www.pinterest.com/ideas/unique-gifts-for-men-creative/935893002275,3156,0,"event planning (https://app.pinclicks.com/keyword/event-planning/941870572865)
gifts (https://app.pinclicks.com/keyword/gifts/915305016791)
unique gifts (https://app.pinclicks.com/keyword/unique-gifts/915423028505)","home made gifts for men (https://app.pinclicks.com/keyword/home-made-gifts-for-men/941937776860)
simple gifts for men (https://app.pinclicks.com/keyword/simple-gifts-for-men/917722809799)
homemade gifts for guys (https://app.pinclicks.com/keyword/homemade-gifts-for-guys/893480451846)
unique gifts for him (https://app.pinclicks.com/keyword/unique-gifts-for-him/944348896993)
handmade gifts for men (https://app.pinclicks.com/keyword/handmade-gifts-for-men/916945718519)
small gifts for men (https://app.pinclicks.com/keyword/small-gifts-for-men/924167491453)
homemade gifts for men (https://app.pinclicks.com/keyword/homemade-gifts-for-men/899090960001)
cheap gifts for men (https://app.pinclicks.com/keyword/cheap-gifts-for-men/906292942679)
expensive gifts for men (https://app.pinclicks.com/keyword/expensive-gifts-for-men/917311746847)
useful gifts for men (https://app.pinclicks.com/keyword/useful-gifts-for-men/909384670754)"
936548089058,"handmade gifts for teachers unique",https://www.pinterest.com/ideas/handmade-gifts-for-teachers-unique/936548089058,947,0,,
936616332737,"personalized baseball gifts",https://www.pinterest.com/ideas/personalized-baseball-gifts/936616332737,344,0,,
936685065077,"unique gifts for dad",https://www.pinterest.com/ideas/unique-gifts-for-dad/936685065077,1974,0,,"homemade gifts for dad (https://app.pinclicks.com/keyword/homemade-gifts-for-dad/906864083071)
handmade gifts for dad (https://app.pinclicks.com/keyword/handmade-gifts-for-dad/908925087298)
sentimental gifts for dad (https://app.pinclicks.com/keyword/sentimental-gifts-for-dad/906531670100)
diy gift ideas for dad (https://app.pinclicks.com/keyword/diy-gift-ideas-for-dad/959889811893)
gift for dad from daughter (https://app.pinclicks.com/keyword/gift-for-dad-from-daughter/921019131302)
present ideas for dad (https://app.pinclicks.com/keyword/present-ideas-for-dad/914932517900)
diy presents for dad (https://app.pinclicks.com/keyword/diy-presents-for-dad/897166141132)
dad gift ideas from daughter (https://app.pinclicks.com/keyword/dad-gift-ideas-from-daughter/901015425067)
gift ideas for boyfriend (https://app.pinclicks.com/keyword/gift-ideas-for-boyfriend/909856300440)
gifts for my dad (https://app.pinclicks.com/keyword/gifts-for-my-dad/949832238718)"
936896077684,"custom made gifts for boyfriend",https://www.pinterest.com/ideas/custom-made-gifts-for-boyfriend/936896077684,106,0,,
937201669155,"custom teacher gifts",https://www.pinterest.com/ideas/custom-teacher-gifts/937201669155,2204,0,"event planning (https://app.pinclicks.com/keyword/event-planning/941870572865)
gifts (https://app.pinclicks.com/keyword/gifts/915305016791)
gifts for adults (https://app.pinclicks.com/keyword/gifts-for-adults/898524447846)","handmade teacher gift ideas (https://app.pinclicks.com/keyword/handmade-teacher-gift-ideas/912413036938)
useful teacher gifts (https://app.pinclicks.com/keyword/useful-teacher-gifts/940420999408)
personalized teacher gifts (https://app.pinclicks.com/keyword/personalized-teacher-gifts/913660134929)
creative teachers gifts (https://app.pinclicks.com/keyword/creative-teachers-gifts/944492744417)
cute teacher gift ideas (https://app.pinclicks.com/keyword/cute-teacher-gift-ideas/904844708698)
unique teachers gift (https://app.pinclicks.com/keyword/unique-teachers-gift/923039851207)
cricut teacher gifts (https://app.pinclicks.com/keyword/cricut-teacher-gifts/906432403711)
new teacher gift ideas (https://app.pinclicks.com/keyword/new-teacher-gift-ideas/950205158839)
handmade gift ideas for best friend (https://app.pinclicks.com/keyword/handmade-gift-ideas-for-best-friend/950167638192)
teacher appreciation gifts cricut (https://app.pinclicks.com/keyword/teacher-appreciation-gifts-cricut/903052636170)"
937823198342,"creative birthday gifts for best friend diy unique",https://www.pinterest.com/ideas/creative-birthday-gifts-for-best-friend-diy-unique/937823198342,1258,0,"diy and crafts (https://app.pinclicks.com/keyword/diy-and-crafts/934876475639)
diy event (https://app.pinclicks.com/keyword/diy-event/922120925682)
diy gifts (https://app.pinclicks.com/keyword/diy-gifts/952116175576)","unique handmade birthday gifts for best friend (https://app.pinclicks.com/keyword/unique-handmade-birthday-gifts-for-best-friend/952952942436)
creative bday gifts for best friend (https://app.pinclicks.com/keyword/creative-bday-gifts-for-best-friend/910640151762)
diy gifts for best friend creative (https://app.pinclicks.com/keyword/diy-gifts-for-best-friend-creative/945527560047)
handmade gifts for friends birthday creative (https://app.pinclicks.com/keyword/handmade-gifts-for-friends-birthday-creative/924027337322)
handmade bday gifts for best friend (https://app.pinclicks.com/keyword/handmade-bday-gifts-for-best-friend/955852997311)
creative birthday gifts for best friend homemade (https://app.pinclicks.com/keyword/creative-birthday-gifts-for-best-friend-homemade/943634306765)
handmade birthday gift ideas for best friend (https://app.pinclicks.com/keyword/handmade-birthday-gift-ideas-for-best-friend/950581801531)
diy gift set (https://app.pinclicks.com/keyword/diy-gift-set/950815714582)
easy birthday gift ideas for best friend (https://app.pinclicks.com/keyword/easy-birthday-gift-ideas-for-best-friend/927544233079)
bff birthday gift ideas diy (https://app.pinclicks.com/keyword/bff-birthday-gift-ideas-diy/960822447425)"
938133212236,"personalized wedding gifts for bride and groom",https://www.pinterest.com/ideas/personalized-wedding-gifts-for-bride-and-groom/938133212236,862,0,,
938184923780,"valentines day custom gifts",https://www.pinterest.com/ideas/valentines-day-custom-gifts/938184923780,151,0,,
938202678551,"cute birthday gifts for best friend",https://www.pinterest.com/ideas/cute-birthday-gifts-for-best-friend/938202678551,32277,0,"event planning (https://app.pinclicks.com/keyword/event-planning/941870572865)
gifts (https://app.pinclicks.com/keyword/gifts/915305016791)
gifts for friends (https://app.pinclicks.com/keyword/gifts-for-friends/919232753936)","aesthetic gifts (https://app.pinclicks.com/keyword/aesthetic-gifts/932602743289)
handmade gift ideas for best friend (https://app.pinclicks.com/keyword/handmade-gift-ideas-for-best-friend/950167638192)
birthday gifts for bsf (https://app.pinclicks.com/keyword/birthday-gifts-for-bsf/894600554620)
birthday gift ideas for bestie (https://app.pinclicks.com/keyword/birthday-gift-ideas-for-bestie/904750455266)
18th birthday gifts (https://app.pinclicks.com/keyword/18th-birthday-gifts/929536170156)
cute gift ideas for best friend (https://app.pinclicks.com/keyword/cute-gift-ideas-for-best-friend/918082056683)
unique birthday gifts for best friend (https://app.pinclicks.com/keyword/unique-birthday-gifts-for-best-friend/941853907578)
creative birthday gifts for best friend (https://app.pinclicks.com/keyword/creative-birthday-gifts-for-best-friend/938982178928)
bestie birthday gift ideas (https://app.pinclicks.com/keyword/bestie-birthday-gift-ideas/919882597890)
diy birthday gifts (https://app.pinclicks.com/keyword/diy-birthday-gifts/930718343052)"
938320568806,"custom birthday gifts for best friend",https://www.pinterest.com/ideas/custom-birthday-gifts-for-best-friend/938320568806,285,0,,
938568313717,"cute gifts for boyfriend",https://www.pinterest.com/ideas/cute-gifts-for-boyfriend/938568313717,22502,0,,
938617271234,"custom christmas gifts",https://www.pinterest.com/ideas/custom-christmas-gifts/938617271234,2067,0,"event planning (https://app.pinclicks.com/keyword/event-planning/941870572865)
gifts (https://app.pinclicks.com/keyword/gifts/915305016791)
gifts for adults (https://app.pinclicks.com/keyword/gifts-for-adults/898524447846)","personalised christmas gifts (https://app.pinclicks.com/keyword/personalised-christmas-gifts/957016345945)
cute christmas gift ideas (https://app.pinclicks.com/keyword/cute-christmas-gift-ideas/923379704403)
customized gift ideas (https://app.pinclicks.com/keyword/customized-gift-ideas/957141406249)
customised gift ideas (https://app.pinclicks.com/keyword/customised-gift-ideas/955467821877)
personalized gift ideas (https://app.pinclicks.com/keyword/personalized-gift-ideas/954461280635)
little christmas gifts (https://app.pinclicks.com/keyword/little-christmas-gifts/908225352753)
christmas gift ideas for family (https://app.pinclicks.com/keyword/christmas-gift-ideas-for-family/912779067986)
christmas gifts for adults (https://app.pinclicks.com/keyword/christmas-gifts-for-adults/906549657825)
cool christmas gifts (https://app.pinclicks.com/keyword/cool-christmas-gifts/943692222128)
good christmas gifts (https://app.pinclicks.com/keyword/good-christmas-gifts/942650797261)"
939030614754,"unique valentines gifts",https://www.pinterest.com/ideas/unique-valentines-gifts/939030614754,3383,0,"event planning (https://app.pinclicks.com/keyword/event-planning/941870572865)
gifts (https://app.pinclicks.com/keyword/gifts/915305016791)
unique gifts (https://app.pinclicks.com/keyword/unique-gifts/915423028505)","valentines gift diy creative (https://app.pinclicks.com/keyword/valentines-gift-diy-creative/921940367702)
valentines day homemade gifts (https://app.pinclicks.com/keyword/valentines-day-homemade-gifts/893365805356)
cute valentine’s day gifts (https://app.pinclicks.com/keyword/cute-valentines-day-gifts/957056630175)
diy gifts for valentines day (https://app.pinclicks.com/keyword/diy-gifts-for-valentines-day/907935937707)
valentine's day gift ideas (https://app.pinclicks.com/keyword/valentines-day-gift-ideas/961514064625)
valentines day gifts ideas (https://app.pinclicks.com/keyword/valentines-day-gifts-ideas/937878725731)
cute valentines day gifts (https://app.pinclicks.com/keyword/cute-valentines-day-gifts/930239674574)
small valentines day gifts (https://app.pinclicks.com/keyword/small-valentines-day-gifts/956912159734)
diy valentines gift ideas (https://app.pinclicks.com/keyword/diy-valentines-gift-ideas/904621490880)
valentines day gifts for her (https://app.pinclicks.com/keyword/valentines-day-gifts-for-her/904027135757)"
939600923467,"custom fathers day gifts ideas",https://www.pinterest.com/ideas/custom-fathers-day-gifts-ideas/939600923467,419,0,,
939734543075,"cute boyfriend gifts for birthday",https://www.pinterest.com/ideas/cute-boyfriend-gifts-for-birthday/939734543075,3448,0,,
939760156260,"unique handmade gifts diy",https://www.pinterest.com/ideas/unique-handmade-gifts-diy/939760156260,5556,0,"diy and crafts (https://app.pinclicks.com/keyword/diy-and-crafts/934876475639)
diy event (https://app.pinclicks.com/keyword/diy-event/922120925682)
diy gifts (https://app.pinclicks.com/keyword/diy-gifts/952116175576)","hand crafted gifts ideas (https://app.pinclicks.com/keyword/hand-crafted-gifts-ideas/911690952363)
cool diy gifts (https://app.pinclicks.com/keyword/cool-diy-gifts/907051724551)
crafty gift ideas (https://app.pinclicks.com/keyword/crafty-gift-ideas/917299405372)
thoughtful diy gifts (https://app.pinclicks.com/keyword/thoughtful-diy-gifts/942738749751)
simple handmade gifts (https://app.pinclicks.com/keyword/simple-handmade-gifts/905582515166)
unique homemade gifts (https://app.pinclicks.com/keyword/unique-homemade-gifts/913627931298)
handmade gifts ideas creative easy diy (https://app.pinclicks.com/keyword/handmade-gifts-ideas-creative-easy-diy/958313673782)
small handmade gifts (https://app.pinclicks.com/keyword/small-handmade-gifts/942779197948)
handcrafted gifts (https://app.pinclicks.com/keyword/handcrafted-gifts/944367028072)
handmade gifts for women (https://app.pinclicks.com/keyword/handmade-gifts-for-women/950570022743)"
940482988576,"cute teacher gifts",https://www.pinterest.com/ideas/cute-teacher-gifts/940482988576,25656,0,"event planning (https://app.pinclicks.com/keyword/event-planning/941870572865)
gifts (https://app.pinclicks.com/keyword/gifts/915305016791)
gifts for adults (https://app.pinclicks.com/keyword/gifts-for-adults/898524447846)","homemade teacher gifts (https://app.pinclicks.com/keyword/homemade-teacher-gifts/901374530953)
best teacher gifts (https://app.pinclicks.com/keyword/best-teacher-gifts/924892897336)
teacher present ideas (https://app.pinclicks.com/keyword/teacher-present-ideas/895742916802)
unique teacher gifts (https://app.pinclicks.com/keyword/unique-teacher-gifts/931439286928)
teacher appreciation gift baskets (https://app.pinclicks.com/keyword/teacher-appreciation-gift-baskets/933733617568)
creative teachers gifts (https://app.pinclicks.com/keyword/creative-teachers-gifts/944492744417)
small teacher gifts (https://app.pinclicks.com/keyword/small-teacher-gifts/900143898322)
easy teacher gifts (https://app.pinclicks.com/keyword/easy-teacher-gifts/942236146924)
handmade gift ideas for best friend (https://app.pinclicks.com/keyword/handmade-gift-ideas-for-best-friend/950167638192)
handmade teacher gifts (https://app.pinclicks.com/keyword/handmade-teacher-gifts/945056533088)"
940633740475,"custom baby gifts",https://www.pinterest.com/ideas/custom-baby-gifts/940633740475,1463,0,"parenting (https://app.pinclicks.com/keyword/parenting/920236059316)
baby supplies (https://app.pinclicks.com/keyword/baby-supplies/898896945389)","baby personalized gift ideas (https://app.pinclicks.com/keyword/baby-personalized-gift-ideas/928834452175)
cricut baby gifts (https://app.pinclicks.com/keyword/cricut-baby-gifts/912291730637)
baby gift ideas unique (https://app.pinclicks.com/keyword/baby-gift-ideas-unique/910822565187)
personalised baby gifts (https://app.pinclicks.com/keyword/personalised-baby-gifts/916766961899)
new baby gift ideas (https://app.pinclicks.com/keyword/new-baby-gift-ideas/955658018967)
baby gifts diy (https://app.pinclicks.com/keyword/baby-gifts-diy/926554399522)
homemade baby gifts (https://app.pinclicks.com/keyword/homemade-baby-gifts/899657375305)
cute baby gift ideas (https://app.pinclicks.com/keyword/cute-baby-gift-ideas/944173078644)
baby present ideas (https://app.pinclicks.com/keyword/baby-present-ideas/923504417597)
newborn keepsake ideas (https://app.pinclicks.com/keyword/newborn-keepsake-ideas/927863625044)"
940728225806,"personalized corporate gifts",https://www.pinterest.com/ideas/personalized-corporate-gifts/940728225806,212,0,,
941037495779,"personalized 3d printed gifts",https://www.pinterest.com/ideas/personalized-3d-printed-gifts/941037495779,291,0,,
941048002480,"unique teacher christmas gifts",https://www.pinterest.com/ideas/unique-teacher-christmas-gifts/941048002480,788,0,,
941269144067,"unique gifts for her",https://www.pinterest.com/ideas/unique-gifts-for-her/941269144067,1479,0,"event planning (https://app.pinclicks.com/keyword/event-planning/941870572865)
gifts (https://app.pinclicks.com/keyword/gifts/915305016791)
gifts for adults (https://app.pinclicks.com/keyword/gifts-for-adults/898524447846)","useful gift ideas for women (https://app.pinclicks.com/keyword/useful-gift-ideas-for-women/931119667632)
special gift ideas (https://app.pinclicks.com/keyword/special-gift-ideas/905838277326)
personal gift ideas (https://app.pinclicks.com/keyword/personal-gift-ideas/940614352695)
female gift ideas (https://app.pinclicks.com/keyword/female-gift-ideas/899501370658)
best gifts for her (https://app.pinclicks.com/keyword/best-gifts-for-her/947621325377)
meaningful gift ideas (https://app.pinclicks.com/keyword/meaningful-gift-ideas/921695437245)
unique gift ideas for women (https://app.pinclicks.com/keyword/unique-gift-ideas-for-women/908922224703)
handmade gifts for her (https://app.pinclicks.com/keyword/handmade-gifts-for-her/939978042749)
thoughtful gift ideas (https://app.pinclicks.com/keyword/thoughtful-gift-ideas/928957749526)
cute gifts for her (https://app.pinclicks.com/keyword/cute-gifts-for-her/917519400784)"
941444164588,"baby boy personalized gifts",https://www.pinterest.com/ideas/baby-boy-personalized-gifts/941444164588,248,0,,
941694276738,"bridal shower gifts for bride unique",https://www.pinterest.com/ideas/bridal-shower-gifts-for-bride-unique/941694276738,1443,0,"event planning (https://app.pinclicks.com/keyword/event-planning/941870572865)
gifts (https://app.pinclicks.com/keyword/gifts/915305016791)
engagement gifts (https://app.pinclicks.com/keyword/engagement-gifts/941797132412)","diy bridal shower gifts for bride (https://app.pinclicks.com/keyword/diy-bridal-shower-gifts-for-bride/893756332238)
bridal shower presents for bride (https://app.pinclicks.com/keyword/bridal-shower-presents-for-bride/933498060717)
creative bridal shower gifts (https://app.pinclicks.com/keyword/creative-bridal-shower-gifts/925224073497)
bachelorette gift ideas for bride (https://app.pinclicks.com/keyword/bachelorette-gift-ideas-for-bride/941080852007)
bridal shower gift ideas for the bride (https://app.pinclicks.com/keyword/bridal-shower-gift-ideas-for-the-bride/945847061352)
wedding gift ideas for bride (https://app.pinclicks.com/keyword/wedding-gift-ideas-for-bride/917539245773)
bridal shower gift ideas baskets (https://app.pinclicks.com/keyword/bridal-shower-gift-ideas-baskets/938619885797)
wedding gifts for guests (https://app.pinclicks.com/keyword/wedding-gifts-for-guests/941087919858)
engagement gifts for bride (https://app.pinclicks.com/keyword/engagement-gifts-for-bride/894876547796)
wedding shower gifts for bride (https://app.pinclicks.com/keyword/wedding-shower-gifts-for-bride/911424548437)"
941845297105,"unique boyfriend gifts",https://www.pinterest.com/ideas/unique-boyfriend-gifts/941845297105,1025,0,,
941853907578,"unique birthday gifts for best friend",https://www.pinterest.com/ideas/unique-birthday-gifts-for-best-friend/941853907578,1393,0,"event planning (https://app.pinclicks.com/keyword/event-planning/941870572865)
gifts (https://app.pinclicks.com/keyword/gifts/915305016791)
gifts for friends (https://app.pinclicks.com/keyword/gifts-for-friends/919232753936)","unique birthday gifts for bestie (https://app.pinclicks.com/keyword/unique-birthday-gifts-for-bestie/917406069707)
unique gift ideas for best friend (https://app.pinclicks.com/keyword/unique-gift-ideas-for-best-friend/942240255562)
handmade gift ideas for best friend (https://app.pinclicks.com/keyword/handmade-gift-ideas-for-best-friend/950167638192)
birthday gift ideas for bestie (https://app.pinclicks.com/keyword/birthday-gift-ideas-for-bestie/904750455266)
18th birthday gifts (https://app.pinclicks.com/keyword/18th-birthday-gifts/929536170156)
creative birthday gifts for best friend (https://app.pinclicks.com/keyword/creative-birthday-gifts-for-best-friend/938982178928)
cute gifts for best friends birthday (https://app.pinclicks.com/keyword/cute-gifts-for-best-friends-birthday/934993084532)
creative bday gifts for best friend (https://app.pinclicks.com/keyword/creative-bday-gifts-for-best-friend/910640151762)
best birthday gift ideas for best friend (https://app.pinclicks.com/keyword/best-birthday-gift-ideas-for-best-friend/936501475348)
birthday gifts for girlfriend (https://app.pinclicks.com/keyword/birthday-gifts-for-girlfriend/942336299020)"
942074993624,"personalized kids gifts",https://www.pinterest.com/ideas/personalized-kids-gifts/942074993624,897,0,,
942452712719,"personalized fathers day gifts from kids",https://www.pinterest.com/ideas/personalized-fathers-day-gifts-from-kids/942452712719,460,0,,
942503518789,"unique 50th birthday gifts",https://www.pinterest.com/ideas/unique-50th-birthday-gifts/942503518789,3165,0,,"diy 50th birthday gifts (https://app.pinclicks.com/keyword/diy-50th-birthday-gifts/956426001197)
funny 50th birthday ideas (https://app.pinclicks.com/keyword/funny-50th-birthday-ideas/933563647512)
50th bday gifts for women (https://app.pinclicks.com/keyword/50th-bday-gifts-for-women/905711215961)
50 th birthday gift ideas for women (https://app.pinclicks.com/keyword/50-th-birthday-gift-ideas-for-women/954307158144)
50 gifts for 50th birthday for women (https://app.pinclicks.com/keyword/50-gifts-for-50th-birthday-for-women/893993944630)
50th birthday basket ideas for women (https://app.pinclicks.com/keyword/50th-birthday-basket-ideas-for-women/924473455051)
50th birthday ideas for women gifts (https://app.pinclicks.com/keyword/50th-birthday-ideas-for-women-gifts/895370101989)
50 birthday gift baskets (https://app.pinclicks.com/keyword/50-birthday-gift-baskets/900074857010)
unique 50th birthday party ideas (https://app.pinclicks.com/keyword/unique-50th-birthday-party-ideas/909053931988)
60th birthday gift ideas for women (https://app.pinclicks.com/keyword/60th-birthday-gift-ideas-for-women/919966616056)"
942573937501,"cute best friend gifts",https://www.pinterest.com/ideas/cute-best-friend-gifts/942573937501,2755,0,,
942620610132,"personalized cards for gifts",https://www.pinterest.com/ideas/personalized-cards-for-gifts/942620610132,215,0,,
943109264596,"custom photo gifts",https://www.pinterest.com/ideas/custom-photo-gifts/943109264596,318,0,,
943285601547,"unique handmade gifts for boyfriend",https://www.pinterest.com/ideas/unique-handmade-gifts-for-boyfriend/943285601547,2253,0,"diy and crafts (https://app.pinclicks.com/keyword/diy-and-crafts/934876475639)
diy event (https://app.pinclicks.com/keyword/diy-event/922120925682)
diy gifts (https://app.pinclicks.com/keyword/diy-gifts/952116175576)","handmade things for boyfriend (https://app.pinclicks.com/keyword/handmade-things-for-boyfriend/899487392325)
easy handmade gifts for boyfriend (https://app.pinclicks.com/keyword/easy-handmade-gifts-for-boyfriend/896172341806)
simple handmade gifts for boyfriend (https://app.pinclicks.com/keyword/simple-handmade-gifts-for-boyfriend/925019414352)
small handmade gifts for boyfriend (https://app.pinclicks.com/keyword/small-handmade-gifts-for-boyfriend/947627392593)
crafty gifts for boyfriend (https://app.pinclicks.com/keyword/crafty-gifts-for-boyfriend/911661530714)
home made gifts for boyfriend diy (https://app.pinclicks.com/keyword/home-made-gifts-for-boyfriend-diy/951180259399)
cute handmade gifts for boyfriend diy (https://app.pinclicks.com/keyword/cute-handmade-gifts-for-boyfriend-diy/899459680579)
easy homemade gifts for boyfriend (https://app.pinclicks.com/keyword/easy-homemade-gifts-for-boyfriend/932837733890)
cute homemade gifts for boyfriend (https://app.pinclicks.com/keyword/cute-homemade-gifts-for-boyfriend/924991856417)
small diy gifts for boyfriend (https://app.pinclicks.com/keyword/small-diy-gifts-for-boyfriend/902883413287)"
943554936498,"personalized wood gifts",https://www.pinterest.com/ideas/personalized-wood-gifts/943554936498,1370,0,"diy and crafts (https://app.pinclicks.com/keyword/diy-and-crafts/934876475639)
diy event (https://app.pinclicks.com/keyword/diy-event/922120925682)
diy gifts (https://app.pinclicks.com/keyword/diy-gifts/952116175576)","laser cut gift ideas (https://app.pinclicks.com/keyword/laser-cut-gift-ideas/908738971858)
homemade wooden gifts (https://app.pinclicks.com/keyword/homemade-wooden-gifts/919823533602)
handmade wooden gifts (https://app.pinclicks.com/keyword/handmade-wooden-gifts/930542424821)
wooden gift ideas (https://app.pinclicks.com/keyword/wooden-gift-ideas/914580920277)
diy wood gift ideas (https://app.pinclicks.com/keyword/diy-wood-gift-ideas/907424100828)
laser engraving ideas gifts (https://app.pinclicks.com/keyword/laser-engraving-ideas-gifts/926211853078)
wood engraved gifts (https://app.pinclicks.com/keyword/wood-engraved-gifts/915863122948)
wood engraving ideas (https://app.pinclicks.com/keyword/wood-engraving-ideas/899752459980)
homemade wood gifts (https://app.pinclicks.com/keyword/homemade-wood-gifts/939620793302)
laser wood projects (https://app.pinclicks.com/keyword/laser-wood-projects/936875078868)"
944348896993,"unique gifts for him",https://www.pinterest.com/ideas/unique-gifts-for-him/944348896993,5370,0,"event planning (https://app.pinclicks.com/keyword/event-planning/941870572865)
gifts (https://app.pinclicks.com/keyword/gifts/915305016791)
gifts for adults (https://app.pinclicks.com/keyword/gifts-for-adults/898524447846)","homemade gifts for him (https://app.pinclicks.com/keyword/homemade-gifts-for-him/939987475527)
meaningful gifts for him (https://app.pinclicks.com/keyword/meaningful-gifts-for-him/934425428712)
memorable gifts for him (https://app.pinclicks.com/keyword/memorable-gifts-for-him/899853325222)
unique gift ideas for boyfriend (https://app.pinclicks.com/keyword/unique-gift-ideas-for-boyfriend/914265440343)
thoughtful gift ideas for him (https://app.pinclicks.com/keyword/thoughtful-gift-ideas-for-him/895277883278)
creative gifts for him (https://app.pinclicks.com/keyword/creative-gifts-for-him/924286758038)
unique gifts for men creative (https://app.pinclicks.com/keyword/unique-gifts-for-men-creative/935893002275)
small gifts for him (https://app.pinclicks.com/keyword/small-gifts-for-him/959495085688)
just because gifts for him (https://app.pinclicks.com/keyword/just-because-gifts-for-him/952363107746)
little gifts for him (https://app.pinclicks.com/keyword/little-gifts-for-him/924442692111)"
945125305619,"custom anniversary gifts",https://www.pinterest.com/ideas/custom-anniversary-gifts/945125305619,261,0,,
945850519652,"personalized football gifts",https://www.pinterest.com/ideas/personalized-football-gifts/945850519652,288,0,,
946029648285,"custom memorial gifts",https://www.pinterest.com/ideas/custom-memorial-gifts/946029648285,105,0,,
946289874174,"unique best friend gifts",https://www.pinterest.com/ideas/unique-best-friend-gifts/946289874174,563,0,"event planning (https://app.pinclicks.com/keyword/event-planning/941870572865)
gifts (https://app.pinclicks.com/keyword/gifts/915305016791)
gifts for friends (https://app.pinclicks.com/keyword/gifts-for-friends/919232753936)","personal gifts for best friend (https://app.pinclicks.com/keyword/personal-gifts-for-best-friend/946224418230)
handmade gift ideas for best friend (https://app.pinclicks.com/keyword/handmade-gift-ideas-for-best-friend/950167638192)
creative gifts for best friend (https://app.pinclicks.com/keyword/creative-gifts-for-best-friend/896369670710)
thoughtful gifts for best friends (https://app.pinclicks.com/keyword/thoughtful-gifts-for-best-friends/924256129167)
aesthetic gifts (https://app.pinclicks.com/keyword/aesthetic-gifts/932602743289)
besties gift ideas (https://app.pinclicks.com/keyword/besties-gift-ideas/927445737980)
meaningful gifts for best friend (https://app.pinclicks.com/keyword/meaningful-gifts-for-best-friend/960830843231)
gifts for my best friend (https://app.pinclicks.com/keyword/gifts-for-my-best-friend/904464845857)
birthday gift ideas for best friend (https://app.pinclicks.com/keyword/birthday-gift-ideas-for-best-friend/894822173080)
diy gifts for best friend (https://app.pinclicks.com/keyword/diy-gifts-for-best-friend/921107534434)"
946710545271,"unique gifts for best friends",https://www.pinterest.com/ideas/unique-gifts-for-best-friends/946710545271,736,0,,
946838992288,"unique ways to wrap gifts",https://www.pinterest.com/ideas/unique-ways-to-wrap-gifts/946838992288,2782,0,"event planning (https://app.pinclicks.com/keyword/event-planning/941870572865)
gifts (https://app.pinclicks.com/keyword/gifts/915305016791)
gift packaging (https://app.pinclicks.com/keyword/gift-packaging/898621644465)","fun gift wrapping ideas (https://app.pinclicks.com/keyword/fun-gift-wrapping-ideas/952850197588)
unique gift wrapping ideas creative (https://app.pinclicks.com/keyword/unique-gift-wrapping-ideas-creative/898145272633)
fancy gift wrapping ideas (https://app.pinclicks.com/keyword/fancy-gift-wrapping-ideas/941625980918)
wrapping gifts as something else (https://app.pinclicks.com/keyword/wrapping-gifts-as-something-else/947175423539)
cool wrapping ideas (https://app.pinclicks.com/keyword/cool-wrapping-ideas/961298789993)
large gift wrapping ideas (https://app.pinclicks.com/keyword/large-gift-wrapping-ideas/893559124117)
cool ways to wrap gifts (https://app.pinclicks.com/keyword/cool-ways-to-wrap-gifts/932550211512)
diy gift wrapping ideas creative (https://app.pinclicks.com/keyword/diy-gift-wrapping-ideas-creative/910900397416)
fun ways to wrap gifts (https://app.pinclicks.com/keyword/fun-ways-to-wrap-gifts/914321663817)
christmas gift wrapping ideas creative (https://app.pinclicks.com/keyword/christmas-gift-wrapping-ideas-creative/942195425988)"
947333551850,"cute girlfriend gifts",https://www.pinterest.com/ideas/cute-girlfriend-gifts/947333551850,4081,0,,
947409615356,"unique fathers day gifts ideas",https://www.pinterest.com/ideas/unique-fathers-day-gifts-ideas/947409615356,3280,0,"event planning (https://app.pinclicks.com/keyword/event-planning/941870572865)
gifts (https://app.pinclicks.com/keyword/gifts/915305016791)
gift guide (https://app.pinclicks.com/keyword/gift-guide/952275062300)","fathers day gifts ideas homemade (https://app.pinclicks.com/keyword/fathers-day-gifts-ideas-homemade/898632385146)
father's day creative ideas (https://app.pinclicks.com/keyword/fathers-day-creative-ideas/955649222274)
handmade father's day gifts (https://app.pinclicks.com/keyword/handmade-fathers-day-gifts/911941383992)
creative fathers day gifts ideas (https://app.pinclicks.com/keyword/creative-fathers-day-gifts-ideas/936427874665)
small fathers day gifts (https://app.pinclicks.com/keyword/small-fathers-day-gifts/897948133463)
diy father's day gifts easy (https://app.pinclicks.com/keyword/diy-fathers-day-gifts-easy/958685464028)
fathersday gift idea (https://app.pinclicks.com/keyword/fathersday-gift-idea/936776150245)
happy fathers day gift ideas (https://app.pinclicks.com/keyword/happy-fathers-day-gift-ideas/937022222937)
fathers day gifts ideas from adult kids (https://app.pinclicks.com/keyword/fathers-day-gifts-ideas-from-adult-kids/957459018923)
cute fathers day ideas (https://app.pinclicks.com/keyword/cute-fathers-day-ideas/900880366185)"
947829240279,"personalized wedding gifts",https://www.pinterest.com/ideas/personalized-wedding-gifts/947829240279,6514,2,"weddings (https://app.pinclicks.com/keyword/weddings/903260720461)
wedding gifts (https://app.pinclicks.com/keyword/wedding-gifts/958770377703)
wedding gifts ideas (https://app.pinclicks.com/keyword/wedding-gifts-ideas/905587266163)","personalized wedding ideas (https://app.pinclicks.com/keyword/personalized-wedding-ideas/895827473844)
wedding present ideas (https://app.pinclicks.com/keyword/wedding-present-ideas/905205858338)
personalised wedding gifts (https://app.pinclicks.com/keyword/personalised-wedding-gifts/909816869396)
wedding day gifts (https://app.pinclicks.com/keyword/wedding-day-gifts/914052630600)
homemade wedding gifts (https://app.pinclicks.com/keyword/homemade-wedding-gifts/941074928228)
cute wedding gifts (https://app.pinclicks.com/keyword/cute-wedding-gifts/918356645113)
custom wedding gifts (https://app.pinclicks.com/keyword/custom-wedding-gifts/913289912696)
handmade wedding gifts (https://app.pinclicks.com/keyword/handmade-wedding-gifts/941519004577)
wedding favours (https://app.pinclicks.com/keyword/wedding-favours/946258653125)
small wedding gifts (https://app.pinclicks.com/keyword/small-wedding-gifts/903170534411)"
948503504757,"custom bridal shower gifts",https://www.pinterest.com/ideas/custom-bridal-shower-gifts/948503504757,151,0,,
948583647141,"personalized bridal shower gifts",https://www.pinterest.com/ideas/personalized-bridal-shower-gifts/948583647141,713,0,,
949172773683,"unique anniversary gifts for him",https://www.pinterest.com/ideas/unique-anniversary-gifts-for-him/949172773683,1861,0,"event planning (https://app.pinclicks.com/keyword/event-planning/941870572865)
gifts (https://app.pinclicks.com/keyword/gifts/915305016791)
unique gifts (https://app.pinclicks.com/keyword/unique-gifts/915423028505)","homemade anniversary gifts for him (https://app.pinclicks.com/keyword/homemade-anniversary-gifts-for-him/920303943750)
creative anniversary gift ideas for him (https://app.pinclicks.com/keyword/creative-anniversary-gift-ideas-for-him/944364466868)
wedding anniversary gift ideas for him (https://app.pinclicks.com/keyword/wedding-anniversary-gift-ideas-for-him/900718712146)
thoughtful anniversary gifts for him (https://app.pinclicks.com/keyword/thoughtful-anniversary-gifts-for-him/932446668702)
anniversary gifts for couples (https://app.pinclicks.com/keyword/anniversary-gifts-for-couples/927937312032)
mens anniversary gift ideas (https://app.pinclicks.com/keyword/mens-anniversary-gift-ideas/923888665837)
cute anniversary gifts for him (https://app.pinclicks.com/keyword/cute-anniversary-gifts-for-him/908304798034)
best anniversary gift for him (https://app.pinclicks.com/keyword/best-anniversary-gift-for-him/934736341684)
birthday gift for husband (https://app.pinclicks.com/keyword/birthday-gift-for-husband/914013585553)
meaningful gifts for boyfriend (https://app.pinclicks.com/keyword/meaningful-gifts-for-boyfriend/902076212172)"
949305732311,"personalized grandma gifts",https://www.pinterest.com/ideas/personalized-grandma-gifts/949305732311,553,0,,
950058489142,"personalized gifts for him",https://www.pinterest.com/ideas/personalized-gifts-for-him/950058489142,1119,0,,
950283727399,"personalized kitchen gifts",https://www.pinterest.com/ideas/personalized-kitchen-gifts/950283727399,255,0,,
950425690700,"unique hostess gifts",https://www.pinterest.com/ideas/unique-hostess-gifts/950425690700,824,0,"event planning (https://app.pinclicks.com/keyword/event-planning/941870572865)
gifts (https://app.pinclicks.com/keyword/gifts/915305016791)
unique gifts (https://app.pinclicks.com/keyword/unique-gifts/915423028505)","diy hostess gifts (https://app.pinclicks.com/keyword/diy-hostess-gifts/924215752680)
small hostess gifts (https://app.pinclicks.com/keyword/small-hostess-gifts/946711862425)
fall hostess gift ideas (https://app.pinclicks.com/keyword/fall-hostess-gift-ideas/921542879133)
practical housewarming gifts (https://app.pinclicks.com/keyword/practical-housewarming-gifts/936749894883)
unique housewarming gifts (https://app.pinclicks.com/keyword/unique-housewarming-gifts/920623376620)
baby shower hostess gift ideas (https://app.pinclicks.com/keyword/baby-shower-hostess-gift-ideas/901336877466)
holiday hostess gifts (https://app.pinclicks.com/keyword/holiday-hostess-gifts/935791063973)
housewarming gift ideas baskets (https://app.pinclicks.com/keyword/housewarming-gift-ideas-baskets/937920216102)
kitchen gift basket ideas (https://app.pinclicks.com/keyword/kitchen-gift-basket-ideas/948033740598)
hostess gift ideas house guests (https://app.pinclicks.com/keyword/hostess-gift-ideas-house-guests/914836746233)"
950710763341,"cute gifts for him",https://www.pinterest.com/ideas/cute-gifts-for-him/950710763341,8937,0,"event planning (https://app.pinclicks.com/keyword/event-planning/941870572865)
gifts (https://app.pinclicks.com/keyword/gifts/915305016791)
gifts for adults (https://app.pinclicks.com/keyword/gifts-for-adults/898524447846)","unique gifts for boyfriend (https://app.pinclicks.com/keyword/unique-gifts-for-boyfriend/903576047052)
little gifts for him (https://app.pinclicks.com/keyword/little-gifts-for-him/924442692111)
handmade things for boyfriend (https://app.pinclicks.com/keyword/handmade-things-for-boyfriend/899487392325)
small gifts for boyfriend (https://app.pinclicks.com/keyword/small-gifts-for-boyfriend/935532916855)
gift box for men (https://app.pinclicks.com/keyword/gift-box-for-men/957193341534)
meaningful gifts for boyfriend (https://app.pinclicks.com/keyword/meaningful-gifts-for-boyfriend/902076212172)
gifts from him (https://app.pinclicks.com/keyword/gifts-from-him/933348442865)
gift box for boyfriend (https://app.pinclicks.com/keyword/gift-box-for-boyfriend/937517081204)
homemade gifts for boyfriend (https://app.pinclicks.com/keyword/homemade-gifts-for-boyfriend/959919586039)
little gifts for boyfriend (https://app.pinclicks.com/keyword/little-gifts-for-boyfriend/925763420124)"
951640473738,"unique gifts for guys",https://www.pinterest.com/ideas/unique-gifts-for-guys/951640473738,544,0,,
951702351529,"cute valentines gifts for boyfriend",https://www.pinterest.com/ideas/cute-valentines-gifts-for-boyfriend/951702351529,5433,0,,
951845835007,"unique engagement gifts",https://www.pinterest.com/ideas/unique-engagement-gifts/951845835007,1194,0,"weddings (https://app.pinclicks.com/keyword/weddings/903260720461)
engagement inspiration (https://app.pinclicks.com/keyword/engagement-inspiration/958415659643)
engagement basket (https://app.pinclicks.com/keyword/engagement-basket/925941449231)","engagement gift baskets (https://app.pinclicks.com/keyword/engagement-gift-baskets/946487869960)
diy engagement gifts (https://app.pinclicks.com/keyword/diy-engagement-gifts/937119102491)
thoughtful engagement gifts (https://app.pinclicks.com/keyword/thoughtful-engagement-gifts/902267391525)
creative engagement gifts (https://app.pinclicks.com/keyword/creative-engagement-gifts/942388333247)
engagement gifts for him (https://app.pinclicks.com/keyword/engagement-gifts-for-him/941317738190)
wedding photo ideas (https://app.pinclicks.com/keyword/wedding-photo-ideas/953984357510)
engagement gifts for bride (https://app.pinclicks.com/keyword/engagement-gifts-for-bride/894876547796)
bridesmaid proposal (https://app.pinclicks.com/keyword/bridesmaid-proposal/901147426194)
engagement gifts diy (https://app.pinclicks.com/keyword/engagement-gifts-diy/902576448665)
engagement present ideas (https://app.pinclicks.com/keyword/engagement-present-ideas/899242644405)"
952095604696,"unique gifts for girlfriend",https://www.pinterest.com/ideas/unique-gifts-for-girlfriend/952095604696,2220,0,,
952195012419,"personalized baby gifts cricut",https://www.pinterest.com/ideas/personalized-baby-gifts-cricut/952195012419,230,0,,
952218033608,"cute bridesmaids gifts",https://www.pinterest.com/ideas/cute-bridesmaids-gifts/952218033608,4180,0,"weddings (https://app.pinclicks.com/keyword/weddings/903260720461)
wedding favors and gifts (https://app.pinclicks.com/keyword/wedding-favors-and-gifts/945051572260)
bridesmaid gifts (https://app.pinclicks.com/keyword/bridesmaid-gifts/939534090323)","cheap bridesmaid gifts (https://app.pinclicks.com/keyword/cheap-bridesmaid-gifts/934193986898)
gifts for bridesmaids on wedding day (https://app.pinclicks.com/keyword/gifts-for-bridesmaids-on-wedding-day/946861150641)
bridesmaid proposal ideas cheap (https://app.pinclicks.com/keyword/bridesmaid-proposal-ideas-cheap/955298123559)
unique bridesmaid gifts (https://app.pinclicks.com/keyword/unique-bridesmaid-gifts/958410641176)
diy bridesmaid gifts (https://app.pinclicks.com/keyword/diy-bridesmaid-gifts/961688850665)
wedding party gifts for bridesmaids (https://app.pinclicks.com/keyword/wedding-party-gifts-for-bridesmaids/903229296515)
bridemaids proposals gift ideas (https://app.pinclicks.com/keyword/bridemaids-proposals-gift-ideas/900296825997)
personalized bridesmaid gifts (https://app.pinclicks.com/keyword/personalized-bridesmaid-gifts/899542622078)
bridesmaid presents (https://app.pinclicks.com/keyword/bridesmaid-presents/902655061795)
bridal party gifts for bridesmaids (https://app.pinclicks.com/keyword/bridal-party-gifts-for-bridesmaids/950964267122)"
952233657430,"unique wedding shower gifts",https://www.pinterest.com/ideas/unique-wedding-shower-gifts/952233657430,566,0,,
952883496755,"cute small gifts",https://www.pinterest.com/ideas/cute-small-gifts/952883496755,4758,0,,
952952942436,"unique handmade birthday gifts for best friend",https://www.pinterest.com/ideas/unique-handmade-birthday-gifts-for-best-friend/952952942436,10020,0,"diy and crafts (https://app.pinclicks.com/keyword/diy-and-crafts/934876475639)
diy event (https://app.pinclicks.com/keyword/diy-event/922120925682)
diy gifts (https://app.pinclicks.com/keyword/diy-gifts/952116175576)","homemade birthday gifts for best friend (https://app.pinclicks.com/keyword/homemade-birthday-gifts-for-best-friend/927559674697)
handmade gifts for friends birthday creative (https://app.pinclicks.com/keyword/handmade-gifts-for-friends-birthday-creative/924027337322)
handmade gifts for bsf (https://app.pinclicks.com/keyword/handmade-gifts-for-bsf/937129333136)
creative birthday gifts for best friend homemade (https://app.pinclicks.com/keyword/creative-birthday-gifts-for-best-friend-homemade/943634306765)
handmade bday gifts for best friend (https://app.pinclicks.com/keyword/handmade-bday-gifts-for-best-friend/955852997311)
handmade gift ideas for best friend crafts (https://app.pinclicks.com/keyword/handmade-gift-ideas-for-best-friend-crafts/902242763036)
handmade birthday gift ideas for best friend (https://app.pinclicks.com/keyword/handmade-birthday-gift-ideas-for-best-friend/950581801531)
handmade presents for friends (https://app.pinclicks.com/keyword/handmade-presents-for-friends/894711655839)
creative birthday gifts for best friend diy unique (https://app.pinclicks.com/keyword/creative-birthday-gifts-for-best-friend-diy-unique/937823198342)
diy gifts for best friend creative (https://app.pinclicks.com/keyword/diy-gifts-for-best-friend-creative/945527560047)"
953004109730,"cute christmas gifts",https://www.pinterest.com/ideas/cute-christmas-gifts/953004109730,24449,0,"event planning (https://app.pinclicks.com/keyword/event-planning/941870572865)
gifts (https://app.pinclicks.com/keyword/gifts/915305016791)
gift guide (https://app.pinclicks.com/keyword/gift-guide/952275062300)","cool christmas gifts (https://app.pinclicks.com/keyword/cool-christmas-gifts/943692222128)
xmas gifts ideas (https://app.pinclicks.com/keyword/xmas-gifts-ideas/895197972184)
good christmas gifts (https://app.pinclicks.com/keyword/good-christmas-gifts/942650797261)
cute christmas presents (https://app.pinclicks.com/keyword/cute-christmas-presents/946154313095)
christmas presents ideas (https://app.pinclicks.com/keyword/christmas-presents-ideas/925886017366)
christmas inspo gifts (https://app.pinclicks.com/keyword/christmas-inspo-gifts/893595844529)
fun christmas gifts (https://app.pinclicks.com/keyword/fun-christmas-gifts/907998585016)
creative christmas gifts (https://app.pinclicks.com/keyword/creative-christmas-gifts/940816913861)
holiday gift ideas (https://app.pinclicks.com/keyword/holiday-gift-ideas/956232645516)
little christmas gifts (https://app.pinclicks.com/keyword/little-christmas-gifts/908225352753)"
953386148513,"cute teacher appreciation gifts",https://www.pinterest.com/ideas/cute-teacher-appreciation-gifts/953386148513,3333,0,"event planning (https://app.pinclicks.com/keyword/event-planning/941870572865)
gifts (https://app.pinclicks.com/keyword/gifts/915305016791)
gifts for adults (https://app.pinclicks.com/keyword/gifts-for-adults/898524447846)","cute teacher gift ideas (https://app.pinclicks.com/keyword/cute-teacher-gift-ideas/904844708698)
teacher appreciation gifts diy creative (https://app.pinclicks.com/keyword/teacher-appreciation-gifts-diy-creative/925675608912)
simple teacher appreciation gifts (https://app.pinclicks.com/keyword/simple-teacher-appreciation-gifts/922028833253)
last minute teacher appreciation gifts (https://app.pinclicks.com/keyword/last-minute-teacher-appreciation-gifts/914877375257)
teacher appreciation gift baskets (https://app.pinclicks.com/keyword/teacher-appreciation-gift-baskets/933733617568)
unique teacher appreciation gifts (https://app.pinclicks.com/keyword/unique-teacher-appreciation-gifts/935857123939)
preschool teacher appreciation gifts (https://app.pinclicks.com/keyword/preschool-teacher-appreciation-gifts/914074134907)
best teacher appreciation gifts (https://app.pinclicks.com/keyword/best-teacher-appreciation-gifts/908196358876)
teacher appreciation week ideas gifts (https://app.pinclicks.com/keyword/teacher-appreciation-week-ideas-gifts/901286794848)
teacher appreciation gifts for staff (https://app.pinclicks.com/keyword/teacher-appreciation-gifts-for-staff/923445241888)"
954307299612,"valentines personalized gifts",https://www.pinterest.com/ideas/valentines-personalized-gifts/954307299612,286,0,,
954388292245,"personalized gifts for girlfriend",https://www.pinterest.com/ideas/personalized-gifts-for-girlfriend/954388292245,229,0,,
954467325671,"personalized resin gifts",https://www.pinterest.com/ideas/personalized-resin-gifts/954467325671,203,0,,
954467650636,"unique mothers day gifts",https://www.pinterest.com/ideas/unique-mothers-day-gifts/954467650636,3641,0,"event planning (https://app.pinclicks.com/keyword/event-planning/941870572865)
gifts (https://app.pinclicks.com/keyword/gifts/915305016791)
gifts for adults (https://app.pinclicks.com/keyword/gifts-for-adults/898524447846)","mothers day gifts to make (https://app.pinclicks.com/keyword/mothers-day-gifts-to-make/919538446562)
handmade mothers day gifts (https://app.pinclicks.com/keyword/handmade-mothers-day-gifts/934325383704)
simple mothers day gifts (https://app.pinclicks.com/keyword/simple-mothers-day-gifts/895797065221)
creative mother's day gifts (https://app.pinclicks.com/keyword/creative-mothers-day-gifts/906908796063)
mothers day present ideas (https://app.pinclicks.com/keyword/mothers-day-present-ideas/934984029829)
creative mothers day gifts ideas (https://app.pinclicks.com/keyword/creative-mothers-day-gifts-ideas/920527043428)
personalized mothers day gifts (https://app.pinclicks.com/keyword/personalized-mothers-day-gifts/920591971371)
mothers day gifts for friends (https://app.pinclicks.com/keyword/mothers-day-gifts-for-friends/897514804382)
easy mothers day gifts (https://app.pinclicks.com/keyword/easy-mothers-day-gifts/957114495904)
mothers day gifts from daughter (https://app.pinclicks.com/keyword/mothers-day-gifts-from-daughter/938844725971)"
954552713013,"cute couple gifts",https://www.pinterest.com/ideas/cute-couple-gifts/954552713013,13793,0,"event planning (https://app.pinclicks.com/keyword/event-planning/941870572865)
gifts (https://app.pinclicks.com/keyword/gifts/915305016791)
gifts for adults (https://app.pinclicks.com/keyword/gifts-for-adults/898524447846)","matching gifts for couples (https://app.pinclicks.com/keyword/matching-gifts-for-couples/934003740692)
matching keychains couples (https://app.pinclicks.com/keyword/matching-keychains-couples/929283025374)
cute couple presents (https://app.pinclicks.com/keyword/cute-couple-presents/934962975791)
couple presents ideas (https://app.pinclicks.com/keyword/couple-presents-ideas/907328748084)
birthday wishlist (https://app.pinclicks.com/keyword/birthday-wishlist/949908782912)
will you be my valentine (https://app.pinclicks.com/keyword/will-you-be-my-valentine/925360753752)
diy gift set (https://app.pinclicks.com/keyword/diy-gift-set/950815714582)
birthday gift ideas (https://app.pinclicks.com/keyword/birthday-gift-ideas/909380455025)
old money (https://app.pinclicks.com/keyword/old-money/960296557740)
handmade mug (https://app.pinclicks.com/keyword/handmade-mug/908835301917)"
954611841486,"personalized valentines gifts for him",https://www.pinterest.com/ideas/personalized-valentines-gifts-for-him/954611841486,254,0,,
954847096910,"personalized golf gifts",https://www.pinterest.com/ideas/personalized-golf-gifts/954847096910,635,0,,
955302245753,"diy gifts for boyfriend unique",https://www.pinterest.com/ideas/diy-gifts-for-boyfriend-unique/955302245753,11174,0,"diy and crafts (https://app.pinclicks.com/keyword/diy-and-crafts/934876475639)
diy event (https://app.pinclicks.com/keyword/diy-event/922120925682)
diy gifts (https://app.pinclicks.com/keyword/diy-gifts/952116175576)","handmade things for boyfriend (https://app.pinclicks.com/keyword/handmade-things-for-boyfriend/899487392325)
crafty gifts for boyfriend (https://app.pinclicks.com/keyword/crafty-gifts-for-boyfriend/911661530714)
homemade presents for boyfriend (https://app.pinclicks.com/keyword/homemade-presents-for-boyfriend/958504428187)
home made gifts for boyfriend diy (https://app.pinclicks.com/keyword/home-made-gifts-for-boyfriend-diy/951180259399)
easy diy gifts for boyfriend (https://app.pinclicks.com/keyword/easy-diy-gifts-for-boyfriend/949431464409)
creative gift ideas for boyfriend diy (https://app.pinclicks.com/keyword/creative-gift-ideas-for-boyfriend-diy/913885869968)
thoughtful gifts for boyfriend diy (https://app.pinclicks.com/keyword/thoughtful-gifts-for-boyfriend-diy/941289617828)
small gifts for boyfriend (https://app.pinclicks.com/keyword/small-gifts-for-boyfriend/935532916855)
scrapbook ideas for boyfriend (https://app.pinclicks.com/keyword/scrapbook-ideas-for-boyfriend/951403413663)
cute homemade gifts for boyfriend (https://app.pinclicks.com/keyword/cute-homemade-gifts-for-boyfriend/924991856417)"
955426980120,"custom gifts for boyfriend",https://www.pinterest.com/ideas/custom-gifts-for-boyfriend/955426980120,2532,0,,
955524650123,"christmas gifts personalized",https://www.pinterest.com/ideas/christmas-gifts-personalized/955524650123,214,0,,
955823270931,"unique gifts for girls",https://www.pinterest.com/ideas/unique-gifts-for-girls/955823270931,630,0,,
956169329852,"personalized basketball gifts",https://www.pinterest.com/ideas/personalized-basketball-gifts/956169329852,383,0,,
956451055588,"valentines custom gifts",https://www.pinterest.com/ideas/valentines-custom-gifts/956451055588,137,0,,
956607626443,"custom valentines gifts for him",https://www.pinterest.com/ideas/custom-valentines-gifts-for-him/956607626443,305,0,,
956781405371,"custom pet gifts",https://www.pinterest.com/ideas/custom-pet-gifts/956781405371,212,0,,
956839290544,"personalized best friend gifts",https://www.pinterest.com/ideas/personalized-best-friend-gifts/956839290544,491,0,,
956993464688,"personalized wedding gifts for couple",https://www.pinterest.com/ideas/personalized-wedding-gifts-for-couple/956993464688,1118,0,"weddings (https://app.pinclicks.com/keyword/weddings/903260720461)
wedding gifts (https://app.pinclicks.com/keyword/wedding-gifts/958770377703)
wedding gifts for couple (https://app.pinclicks.com/keyword/wedding-gifts-for-couple/908996487900)","unique wedding gift ideas for couple (https://app.pinclicks.com/keyword/unique-wedding-gift-ideas-for-couple/911302714929)
creative wedding gifts for the couple (https://app.pinclicks.com/keyword/creative-wedding-gifts-for-the-couple/927403527818)
unique wedding gifts for bride and groom (https://app.pinclicks.com/keyword/unique-wedding-gifts-for-bride-and-groom/930677917243)
custom wedding gifts (https://app.pinclicks.com/keyword/custom-wedding-gifts/913289912696)
gift ideas for newly weds couple (https://app.pinclicks.com/keyword/gift-ideas-for-newly-weds-couple/902307780249)
diy wedding gifts for couple (https://app.pinclicks.com/keyword/diy-wedding-gifts-for-couple/898163195910)
personal wedding gifts (https://app.pinclicks.com/keyword/personal-wedding-gifts/945178283107)
personalised wedding gifts (https://app.pinclicks.com/keyword/personalised-wedding-gifts/909816869396)
wedding anniversary gifts for couple (https://app.pinclicks.com/keyword/wedding-anniversary-gifts-for-couple/938883478301)
newlywed gifts (https://app.pinclicks.com/keyword/newlywed-gifts/934109073244)"
957067410601,"diy personalized gifts",https://www.pinterest.com/ideas/diy-personalized-gifts/957067410601,2829,0,,
957086427891,"cheap personalized gifts",https://www.pinterest.com/ideas/cheap-personalized-gifts/957086427891,258,0,,
957289389813,"cute valentines day gifts for boyfriend",https://www.pinterest.com/ideas/cute-valentines-day-gifts-for-boyfriend/957289389813,7653,0,,
957379824714,"personalized valentines gifts",https://www.pinterest.com/ideas/personalized-valentines-gifts/957379824714,1137,0,"event planning (https://app.pinclicks.com/keyword/event-planning/941870572865)
gifts (https://app.pinclicks.com/keyword/gifts/915305016791)","cute valentine’s day gifts (https://app.pinclicks.com/keyword/cute-valentines-day-gifts/957056630175)
valentine’s day presents (https://app.pinclicks.com/keyword/valentines-day-presents/903613666238)
valentine’s day gifts for her (https://app.pinclicks.com/keyword/valentines-day-gifts-for-her/939411613805)
small valentines day gifts (https://app.pinclicks.com/keyword/small-valentines-day-gifts/956912159734)
creative valentines gifts (https://app.pinclicks.com/keyword/creative-valentines-gifts/937274081211)
valentines day gifts ideas (https://app.pinclicks.com/keyword/valentines-day-gifts-ideas/937878725731)
vday gifts for her (https://app.pinclicks.com/keyword/vday-gifts-for-her/951781414687)
valentines day gifts for her (https://app.pinclicks.com/keyword/valentines-day-gifts-for-her/904027135757)
valentines day gifts for friends (https://app.pinclicks.com/keyword/valentines-day-gifts-for-friends/910306174869)
cute valentines day gifts (https://app.pinclicks.com/keyword/cute-valentines-day-gifts/930239674574)"
957887731707,"unique sympathy gifts",https://www.pinterest.com/ideas/unique-sympathy-gifts/957887731707,1003,0,,
958079828432,"gifts personalized",https://www.pinterest.com/ideas/gifts-personalized/958079828432,336,0,,
958335494608,"unique diy gifts",https://www.pinterest.com/ideas/unique-diy-gifts/958335494608,4823,0,"diy and crafts (https://app.pinclicks.com/keyword/diy-and-crafts/934876475639)
diy event (https://app.pinclicks.com/keyword/diy-event/922120925682)
diy gifts (https://app.pinclicks.com/keyword/diy-gifts/952116175576)","cool diy gifts (https://app.pinclicks.com/keyword/cool-diy-gifts/907051724551)
crafty gift ideas (https://app.pinclicks.com/keyword/crafty-gift-ideas/917299405372)
unique homemade gifts (https://app.pinclicks.com/keyword/unique-homemade-gifts/913627931298)
handmade gift ideas creative (https://app.pinclicks.com/keyword/handmade-gift-ideas-creative/945621434223)
handmade diy gift ideas (https://app.pinclicks.com/keyword/handmade-diy-gift-ideas/928492364250)
cheap diy gifts (https://app.pinclicks.com/keyword/cheap-diy-gifts/936082643943)
diy homemade gift ideas (https://app.pinclicks.com/keyword/diy-homemade-gift-ideas/899214508049)
quick diy gifts (https://app.pinclicks.com/keyword/quick-diy-gifts/941795895487)
easy diy gift ideas (https://app.pinclicks.com/keyword/easy-diy-gift-ideas/943140626366)
home made gift ideas diy (https://app.pinclicks.com/keyword/home-made-gift-ideas-diy/905999562396)"
958410641176,"unique bridesmaid gifts",https://www.pinterest.com/ideas/unique-bridesmaid-gifts/958410641176,5633,0,"weddings (https://app.pinclicks.com/keyword/weddings/903260720461)
wedding gifts (https://app.pinclicks.com/keyword/wedding-gifts/958770377703)
wedding gifts ideas (https://app.pinclicks.com/keyword/wedding-gifts-ideas/905587266163)","diy bridesmaid gifts (https://app.pinclicks.com/keyword/diy-bridesmaid-gifts/961688850665)
cheap bridesmaid gifts (https://app.pinclicks.com/keyword/cheap-bridesmaid-gifts/934193986898)
cute bridesmaids gifts (https://app.pinclicks.com/keyword/cute-bridesmaids-gifts/952218033608)
bridesmaid proposal ideas cheap (https://app.pinclicks.com/keyword/bridesmaid-proposal-ideas-cheap/955298123559)
bridesmaid presents (https://app.pinclicks.com/keyword/bridesmaid-presents/902655061795)
personalized bridesmaid gifts (https://app.pinclicks.com/keyword/personalized-bridesmaid-gifts/899542622078)
bridal party gifts for bridesmaids (https://app.pinclicks.com/keyword/bridal-party-gifts-for-bridesmaids/950964267122)
creative bridesmaid proposal ideas (https://app.pinclicks.com/keyword/creative-bridesmaid-proposal-ideas/918292152935)
cute ways to ask bridesmaids (https://app.pinclicks.com/keyword/cute-ways-to-ask-bridesmaids/913219919173)
bridesmaid proposal ideas unique (https://app.pinclicks.com/keyword/bridesmaid-proposal-ideas-unique/942752722135)"
958755959425,"personalized graduation gifts",https://www.pinterest.com/ideas/personalized-graduation-gifts/958755959425,1399,0,"event planning (https://app.pinclicks.com/keyword/event-planning/941870572865)
gifts (https://app.pinclicks.com/keyword/gifts/915305016791)
gifts for adults (https://app.pinclicks.com/keyword/gifts-for-adults/898524447846)","cute graduation gifts (https://app.pinclicks.com/keyword/cute-graduation-gifts/909803590352)
creative graduation gifts (https://app.pinclicks.com/keyword/creative-graduation-gifts/941576727585)
graduation present ideas (https://app.pinclicks.com/keyword/graduation-present-ideas/946995687076)
university graduation gifts (https://app.pinclicks.com/keyword/university-graduation-gifts/945655182264)
senior graduation gift ideas (https://app.pinclicks.com/keyword/senior-graduation-gift-ideas/956774310255)
unique graduation gifts (https://app.pinclicks.com/keyword/unique-graduation-gifts/915573223946)
good graduation gifts (https://app.pinclicks.com/keyword/good-graduation-gifts/925436148492)
fun graduation gifts (https://app.pinclicks.com/keyword/fun-graduation-gifts/945600638332)
grad gift ideas (https://app.pinclicks.com/keyword/grad-gift-ideas/934726432857)
graduation aesthetic (https://app.pinclicks.com/keyword/graduation-aesthetic/919710815451)"
958815929665,"personalized gifts for dad",https://www.pinterest.com/ideas/personalized-gifts-for-dad/958815929665,514,0,"diy and crafts (https://app.pinclicks.com/keyword/diy-and-crafts/934876475639)
diy event (https://app.pinclicks.com/keyword/diy-event/922120925682)
diy gifts (https://app.pinclicks.com/keyword/diy-gifts/952116175576)","unique gifts for dad (https://app.pinclicks.com/keyword/unique-gifts-for-dad/936685065077)
dad gift ideas from daughter (https://app.pinclicks.com/keyword/dad-gift-ideas-from-daughter/901015425067)
gift ideas for father (https://app.pinclicks.com/keyword/gift-ideas-for-father/921541608628)
sentimental gifts for dad (https://app.pinclicks.com/keyword/sentimental-gifts-for-dad/906531670100)
present ideas for dad (https://app.pinclicks.com/keyword/present-ideas-for-dad/914932517900)
christmas gifts for dad from daughter (https://app.pinclicks.com/keyword/christmas-gifts-for-dad-from-daughter/943811957569)
diy father's day gifts (https://app.pinclicks.com/keyword/diy-fathers-day-gifts/954775464017)
dad art (https://app.pinclicks.com/keyword/dad-art/910805151009)
dad gift ideas diy (https://app.pinclicks.com/keyword/dad-gift-ideas-diy/949860337366)
dad aesthetic (https://app.pinclicks.com/keyword/dad-aesthetic/920124285303)"
959326332208,"unique birthday gifts for husband",https://www.pinterest.com/ideas/unique-birthday-gifts-for-husband/959326332208,8605,0,"event planning (https://app.pinclicks.com/keyword/event-planning/941870572865)
gifts (https://app.pinclicks.com/keyword/gifts/915305016791)
gifts for adults (https://app.pinclicks.com/keyword/gifts-for-adults/898524447846)","handmade gifts for husband birthday (https://app.pinclicks.com/keyword/handmade-gifts-for-husband-birthday/926363037195)
gift box for men (https://app.pinclicks.com/keyword/gift-box-for-men/957193341534)
surprise gift for husband (https://app.pinclicks.com/keyword/surprise-gift-for-husband/933937805823)
birthday gift ideas for boyfriend (https://app.pinclicks.com/keyword/birthday-gift-ideas-for-boyfriend/920950819405)
creative birthday gifts for husband (https://app.pinclicks.com/keyword/creative-birthday-gifts-for-husband/958746715143)
diy birthday gifts for husband (https://app.pinclicks.com/keyword/diy-birthday-gifts-for-husband/937456036836)
18th birthday gifts (https://app.pinclicks.com/keyword/18th-birthday-gifts/929536170156)
birthday present ideas for husband (https://app.pinclicks.com/keyword/birthday-present-ideas-for-husband/956160377281)
anniversary gift ideas for him (https://app.pinclicks.com/keyword/anniversary-gift-ideas-for-him/916689602660)
thoughtful gifts for husband (https://app.pinclicks.com/keyword/thoughtful-gifts-for-husband/955190571944)"
959383365084,"personalized memorial gifts",https://www.pinterest.com/ideas/personalized-memorial-gifts/959383365084,894,0,,
959594182539,"personalized housewarming gifts",https://www.pinterest.com/ideas/personalized-housewarming-gifts/959594182539,1303,1,"event planning (https://app.pinclicks.com/keyword/event-planning/941870572865)
gifts (https://app.pinclicks.com/keyword/gifts/915305016791)
gifts for friends (https://app.pinclicks.com/keyword/gifts-for-friends/919232753936)","new home gift ideas diy (https://app.pinclicks.com/keyword/new-home-gift-ideas-diy/955869923628)
small housewarming gift (https://app.pinclicks.com/keyword/small-housewarming-gift/928273388734)
unique housewarming gifts (https://app.pinclicks.com/keyword/unique-housewarming-gifts/920623376620)
housewarming gift ideas first home (https://app.pinclicks.com/keyword/housewarming-gift-ideas-first-home/929122364338)
diy housewarming gift ideas (https://app.pinclicks.com/keyword/diy-housewarming-gift-ideas/894453522910)
homewarming gifts ideas (https://app.pinclicks.com/keyword/homewarming-gifts-ideas/943594679472)
new house gift basket (https://app.pinclicks.com/keyword/new-house-gift-basket/897622488305)
practical housewarming gifts (https://app.pinclicks.com/keyword/practical-housewarming-gifts/936749894883)
best housewarming gifts (https://app.pinclicks.com/keyword/best-housewarming-gifts/934310490433)
home warming gifts ideas diy (https://app.pinclicks.com/keyword/home-warming-gifts-ideas-diy/939330522236)"
959860375384,"custom wood gifts",https://www.pinterest.com/ideas/custom-wood-gifts/959860375384,107,0,,
960319068292,"personalized bride gifts",https://www.pinterest.com/ideas/personalized-bride-gifts/960319068292,266,0,,
960320870499,"personalized baby boy gifts",https://www.pinterest.com/ideas/personalized-baby-boy-gifts/960320870499,423,0,,
960457211204,"personalized christmas gifts for kids",https://www.pinterest.com/ideas/personalized-christmas-gifts-for-kids/960457211204,212,0,,
960700038824,"personalized easter gifts",https://www.pinterest.com/ideas/personalized-easter-gifts/960700038824,661,0,,
960708505166,"personalized photo gifts",https://www.pinterest.com/ideas/personalized-photo-gifts/960708505166,1525,0,"event planning (https://app.pinclicks.com/keyword/event-planning/941870572865)
gifts (https://app.pinclicks.com/keyword/gifts/915305016791)
gifts for adults (https://app.pinclicks.com/keyword/gifts-for-adults/898524447846)","unique photo gifts (https://app.pinclicks.com/keyword/unique-photo-gifts/931128914393)
personalized picture frames (https://app.pinclicks.com/keyword/personalized-picture-frames/930591500710)
personalized photo frames (https://app.pinclicks.com/keyword/personalized-photo-frames/907985637438)
gift ideas with photos (https://app.pinclicks.com/keyword/gift-ideas-with-photos/949387531854)
gift ideas with pictures (https://app.pinclicks.com/keyword/gift-ideas-with-pictures/894734766986)
personalized gift ideas (https://app.pinclicks.com/keyword/personalized-gift-ideas/954461280635)
photography gifts (https://app.pinclicks.com/keyword/photography-gifts/913943985395)
birthday gift ideas (https://app.pinclicks.com/keyword/birthday-gift-ideas/909380455025)
birthday wishlist (https://app.pinclicks.com/keyword/birthday-wishlist/949908782912)
gift hampers (https://app.pinclicks.com/keyword/gift-hampers/904639955658)"
960895387682,"cute gifts ideas for best friends",https://www.pinterest.com/ideas/cute-gifts-ideas-for-best-friends/960895387682,2534,0,"event planning (https://app.pinclicks.com/keyword/event-planning/941870572865)
gifts (https://app.pinclicks.com/keyword/gifts/915305016791)
gifts for friends (https://app.pinclicks.com/keyword/gifts-for-friends/919232753936)","diy gifts for your best friend (https://app.pinclicks.com/keyword/diy-gifts-for-your-best-friend/924385755873)
gifts to get your best friend (https://app.pinclicks.com/keyword/gifts-to-get-your-best-friend/912954151071)
gifts to make for your best friend (https://app.pinclicks.com/keyword/gifts-to-make-for-your-best-friend/957179195223)
things to gift your best friend (https://app.pinclicks.com/keyword/things-to-gift-your-best-friend/930504015797)
creative gift ideas for best friend (https://app.pinclicks.com/keyword/creative-gift-ideas-for-best-friend/920547597334)
good gift ideas for best friends (https://app.pinclicks.com/keyword/good-gift-ideas-for-best-friends/921936036320)
creative presents for best friends (https://app.pinclicks.com/keyword/creative-presents-for-best-friends/933859500728)
cute gifts for your best friend (https://app.pinclicks.com/keyword/cute-gifts-for-your-best-friend/915382540286)
diy gift set (https://app.pinclicks.com/keyword/diy-gift-set/950815714582)
gift ideas for your best friend (https://app.pinclicks.com/keyword/gift-ideas-for-your-best-friend/930178687104)"
961112548010,"cute diy gifts for boyfriend",https://www.pinterest.com/ideas/cute-diy-gifts-for-boyfriend/961112548010,70370,0,,
961236199618,"custom mothers day gifts",https://www.pinterest.com/ideas/custom-mothers-day-gifts/961236199618,407,0,"event planning (https://app.pinclicks.com/keyword/event-planning/941870572865)
gifts (https://app.pinclicks.com/keyword/gifts/915305016791)
gifts for adults (https://app.pinclicks.com/keyword/gifts-for-adults/898524447846)","cricut mothers day gifts (https://app.pinclicks.com/keyword/cricut-mothers-day-gifts/902414921954)
mothers day present ideas (https://app.pinclicks.com/keyword/mothers-day-present-ideas/934984029829)
cute mother’s day gifts (https://app.pinclicks.com/keyword/cute-mothers-day-gifts/909603467503)
personalized mothers day gifts (https://app.pinclicks.com/keyword/personalized-mothers-day-gifts/920591971371)
creative mother's day gifts (https://app.pinclicks.com/keyword/creative-mothers-day-gifts/906908796063)
creative mothers day gifts ideas (https://app.pinclicks.com/keyword/creative-mothers-day-gifts-ideas/920527043428)
mothers day gifts for friends (https://app.pinclicks.com/keyword/mothers-day-gifts-for-friends/897514804382)
good mothers day gifts (https://app.pinclicks.com/keyword/good-mothers-day-gifts/893687879452)
mother's day gifts from daughter (https://app.pinclicks.com/keyword/mothers-day-gifts-from-daughter/895065537981)
mother’s day presents (https://app.pinclicks.com/keyword/mothers-day-presents/927148438000)"
961341883778,"best personalized gifts",https://www.pinterest.com/ideas/best-personalized-gifts/961341883778,251,0,"event planning (https://app.pinclicks.com/keyword/event-planning/941870572865)
gifts (https://app.pinclicks.com/keyword/gifts/915305016791)
unique gifts (https://app.pinclicks.com/keyword/unique-gifts/915423028505)","personalised gift ideas (https://app.pinclicks.com/keyword/personalised-gift-ideas/941301036581)
personalized items (https://app.pinclicks.com/keyword/personalized-items/935084611247)
customized gift ideas (https://app.pinclicks.com/keyword/customized-gift-ideas/957141406249)
personalized gift ideas (https://app.pinclicks.com/keyword/personalized-gift-ideas/954461280635)
cute personalized gifts (https://app.pinclicks.com/keyword/cute-personalized-gifts/903617468084)
bridal gift ideas (https://app.pinclicks.com/keyword/bridal-gift-ideas/953785200469)
bridesmaid gift boxes (https://app.pinclicks.com/keyword/bridesmaid-gift-boxes/912571600568)
bridesmaid gift ideas (https://app.pinclicks.com/keyword/bridesmaid-gift-ideas/909407060928)
personalized gifts for men (https://app.pinclicks.com/keyword/personalized-gifts-for-men/924814304181)
unique bridesmaid proposal (https://app.pinclicks.com/keyword/unique-bridesmaid-proposal/937550421702)"
961911032566,"personalized laser engraved gifts",https://www.pinterest.com/ideas/personalized-laser-engraved-gifts/961911032566,228,0,"diy and crafts (https://app.pinclicks.com/keyword/diy-and-crafts/934876475639)
diy event (https://app.pinclicks.com/keyword/diy-event/922120925682)
diy gifts (https://app.pinclicks.com/keyword/diy-gifts/952116175576)","cricut engraving projects (https://app.pinclicks.com/keyword/cricut-engraving-projects/944282318709)
glowforge ideas (https://app.pinclicks.com/keyword/glowforge-ideas/930015846732)
laser engraving ideas projects (https://app.pinclicks.com/keyword/laser-engraving-ideas-projects/948746182727)
glowforge projects to sell (https://app.pinclicks.com/keyword/glowforge-projects-to-sell/925627461013)
personalized wood gifts (https://app.pinclicks.com/keyword/personalized-wood-gifts/943554936498)
laser cut gift ideas (https://app.pinclicks.com/keyword/laser-cut-gift-ideas/908738971858)
laser cut projects ideas (https://app.pinclicks.com/keyword/laser-cut-projects-ideas/924608104928)
laser engraving ideas gifts (https://app.pinclicks.com/keyword/laser-engraving-ideas-gifts/926211853078)
wood engraved gifts (https://app.pinclicks.com/keyword/wood-engraved-gifts/915863122948)
laser engraved wedding (https://app.pinclicks.com/keyword/laser-engraved-wedding/897909208872)"
