ID,Label,URL,"Search Volume",Followers,Taxonomy,"Related Interests"
916649282305,"personalized baby gifts",https://www.pinterest.com/ideas/personalized-baby-gifts/916649282305,6691,1,"parenting (https://app.pinclicks.com/keyword/parenting/920236059316)
baby announcement (https://app.pinclicks.com/keyword/baby-announcement/945545956534)","customized baby gifts (https://app.pinclicks.com/keyword/customized-baby-gifts/945010424728)
baby gift ideas unique (https://app.pinclicks.com/keyword/baby-gift-ideas-unique/910822565187)
cricut baby gifts (https://app.pinclicks.com/keyword/cricut-baby-gifts/912291730637)
personalised baby gifts (https://app.pinclicks.com/keyword/personalised-baby-gifts/916766961899)
new baby gift ideas (https://app.pinclicks.com/keyword/new-baby-gift-ideas/955658018967)
newborn gifts ideas (https://app.pinclicks.com/keyword/newborn-gifts-ideas/902353768428)
baby hamper (https://app.pinclicks.com/keyword/baby-hamper/931861136893)
unique baby shower gifts (https://app.pinclicks.com/keyword/unique-baby-shower-gifts/915365330385)
baby shower prizes (https://app.pinclicks.com/keyword/baby-shower-prizes/905805490547)
handmade baby gifts (https://app.pinclicks.com/keyword/handmade-baby-gifts/943974597003)"
897802018143,"personalized gifts for boyfriend",https://www.pinterest.com/ideas/personalized-gifts-for-boyfriend/897802018143,6556,0,"event planning (https://app.pinclicks.com/keyword/event-planning/941870572865)
gifts (https://app.pinclicks.com/keyword/gifts/915305016791)
gifts for adults (https://app.pinclicks.com/keyword/gifts-for-adults/898524447846)","unique gift ideas for boyfriend (https://app.pinclicks.com/keyword/unique-gift-ideas-for-boyfriend/914265440343)
personalized gifts for him (https://app.pinclicks.com/keyword/personalized-gifts-for-him/950058489142)
meaningful gifts for boyfriend (https://app.pinclicks.com/keyword/meaningful-gifts-for-boyfriend/902076212172)
thoughtful gifts for boyfriend (https://app.pinclicks.com/keyword/thoughtful-gifts-for-boyfriend/920540824906)
customised gifts for boyfriend (https://app.pinclicks.com/keyword/customised-gifts-for-boyfriend/952866836192)
personal gifts for boyfriend (https://app.pinclicks.com/keyword/personal-gifts-for-boyfriend/922622548945)
best gifts for him (https://app.pinclicks.com/keyword/best-gifts-for-him/909427280242)
gift items for boyfriend (https://app.pinclicks.com/keyword/gift-items-for-boyfriend/953519615362)
sentimental gifts for boyfriend (https://app.pinclicks.com/keyword/sentimental-gifts-for-boyfriend/938673325229)
handmade things for boyfriend (https://app.pinclicks.com/keyword/handmade-things-for-boyfriend/899487392325)"
947829240279,"personalized wedding gifts",https://www.pinterest.com/ideas/personalized-wedding-gifts/947829240279,6514,2,"weddings (https://app.pinclicks.com/keyword/weddings/903260720461)
wedding gifts (https://app.pinclicks.com/keyword/wedding-gifts/958770377703)
wedding gifts ideas (https://app.pinclicks.com/keyword/wedding-gifts-ideas/905587266163)","personalized wedding ideas (https://app.pinclicks.com/keyword/personalized-wedding-ideas/895827473844)
wedding present ideas (https://app.pinclicks.com/keyword/wedding-present-ideas/905205858338)
personalised wedding gifts (https://app.pinclicks.com/keyword/personalised-wedding-gifts/909816869396)
wedding day gifts (https://app.pinclicks.com/keyword/wedding-day-gifts/914052630600)
homemade wedding gifts (https://app.pinclicks.com/keyword/homemade-wedding-gifts/941074928228)
cute wedding gifts (https://app.pinclicks.com/keyword/cute-wedding-gifts/918356645113)
custom wedding gifts (https://app.pinclicks.com/keyword/custom-wedding-gifts/913289912696)
handmade wedding gifts (https://app.pinclicks.com/keyword/handmade-wedding-gifts/941519004577)
wedding favours (https://app.pinclicks.com/keyword/wedding-favours/946258653125)
small wedding gifts (https://app.pinclicks.com/keyword/small-wedding-gifts/903170534411)"
900290459328,"Personalized christmas gifts",https://www.pinterest.com/ideas/personalized-christmas-gifts/900290459328,5745,25481477,,
913660134929,"personalized teacher gifts",https://www.pinterest.com/ideas/personalized-teacher-gifts/913660134929,4017,1,"event planning (https://app.pinclicks.com/keyword/event-planning/941870572865)
gifts (https://app.pinclicks.com/keyword/gifts/915305016791)
gifts for adults (https://app.pinclicks.com/keyword/gifts-for-adults/898524447846)","useful teacher gifts (https://app.pinclicks.com/keyword/useful-teacher-gifts/940420999408)
creative teachers gifts (https://app.pinclicks.com/keyword/creative-teachers-gifts/944492744417)
custom teacher gifts (https://app.pinclicks.com/keyword/custom-teacher-gifts/937201669155)
cricut teacher gifts (https://app.pinclicks.com/keyword/cricut-teacher-gifts/906432403711)
new teacher gifts (https://app.pinclicks.com/keyword/new-teacher-gifts/907196120016)
teacher present ideas (https://app.pinclicks.com/keyword/teacher-present-ideas/895742916802)
unique teachers gift (https://app.pinclicks.com/keyword/unique-teachers-gift/923039851207)
handmade gift ideas for best friend (https://app.pinclicks.com/keyword/handmade-gift-ideas-for-best-friend/950167638192)
homemade teacher gifts (https://app.pinclicks.com/keyword/homemade-teacher-gifts/901374530953)
gift box ideas (https://app.pinclicks.com/keyword/gift-box-ideas/927509387526)"
957067410601,"diy personalized gifts",https://www.pinterest.com/ideas/diy-personalized-gifts/957067410601,2829,0,,
913390017428,"personalized gifts for friends",https://www.pinterest.com/ideas/personalized-gifts-for-friends/913390017428,2392,0,"event planning (https://app.pinclicks.com/keyword/event-planning/941870572865)
gifts (https://app.pinclicks.com/keyword/gifts/915305016791)
gifts for friends (https://app.pinclicks.com/keyword/gifts-for-friends/919232753936)","personal gifts for best friend (https://app.pinclicks.com/keyword/personal-gifts-for-best-friend/946224418230)
gifts for your friends (https://app.pinclicks.com/keyword/gifts-for-your-friends/947569520511)
creative gifts for friends (https://app.pinclicks.com/keyword/creative-gifts-for-friends/949083819101)
thoughtful gifts for friends (https://app.pinclicks.com/keyword/thoughtful-gifts-for-friends/933304368885)
gifts to give friends (https://app.pinclicks.com/keyword/gifts-to-give-friends/908187433745)
meaningful gifts for friends (https://app.pinclicks.com/keyword/meaningful-gifts-for-friends/908771264693)
personalized gift ideas (https://app.pinclicks.com/keyword/personalized-gift-ideas/954461280635)
personalized birthday gifts (https://app.pinclicks.com/keyword/personalized-birthday-gifts/921799133361)
unique gifts for friends (https://app.pinclicks.com/keyword/unique-gifts-for-friends/927344843897)
fun gifts for friends (https://app.pinclicks.com/keyword/fun-gifts-for-friends/960394549607)"
926832805196,"personalized gifts for kids",https://www.pinterest.com/ideas/personalized-gifts-for-kids/926832805196,2086,0,"event planning (https://app.pinclicks.com/keyword/event-planning/941870572865)
gifts (https://app.pinclicks.com/keyword/gifts/915305016791)
gifts for kids (https://app.pinclicks.com/keyword/gifts-for-kids/935435858853)","kids present ideas (https://app.pinclicks.com/keyword/kids-present-ideas/927447014550)
gift ideas for children (https://app.pinclicks.com/keyword/gift-ideas-for-children/913641474755)
cricut gifts for kids (https://app.pinclicks.com/keyword/cricut-gifts-for-kids/916506902993)
diy gifts for children (https://app.pinclicks.com/keyword/diy-gifts-for-children/925099426743)
baby personalized gift ideas (https://app.pinclicks.com/keyword/baby-personalized-gift-ideas/928834452175)
christmas gifts for children (https://app.pinclicks.com/keyword/christmas-gifts-for-children/895914103757)
cool gifts for kids (https://app.pinclicks.com/keyword/cool-gifts-for-kids/936527359747)
gift baskets for kids (https://app.pinclicks.com/keyword/gift-baskets-for-kids/928538289267)
homemade kids gifts (https://app.pinclicks.com/keyword/homemade-kids-gifts/896889865607)
customized baby gifts (https://app.pinclicks.com/keyword/customized-baby-gifts/945010424728)"
924814304181,"personalized gifts for men",https://www.pinterest.com/ideas/personalized-gifts-for-men/924814304181,2366,0,"event planning (https://app.pinclicks.com/keyword/event-planning/941870572865)
gifts (https://app.pinclicks.com/keyword/gifts/915305016791)
gifts for adults (https://app.pinclicks.com/keyword/gifts-for-adults/898524447846)","personalized gifts for boyfriend (https://app.pinclicks.com/keyword/personalized-gifts-for-boyfriend/897802018143)
unique gifts for men (https://app.pinclicks.com/keyword/unique-gifts-for-men/908027981916)
wedding gifts for men (https://app.pinclicks.com/keyword/wedding-gifts-for-men/944757907577)
diy gift set (https://app.pinclicks.com/keyword/diy-gift-set/950815714582)
gift basket ideas (https://app.pinclicks.com/keyword/gift-basket-ideas/917487513230)
birthday gift ideas (https://app.pinclicks.com/keyword/birthday-gift-ideas/909380455025)
birthday wishlist (https://app.pinclicks.com/keyword/birthday-wishlist/949908782912)
gift ideas for boyfriend (https://app.pinclicks.com/keyword/gift-ideas-for-boyfriend/909856300440)
anniversary gift ideas for him (https://app.pinclicks.com/keyword/anniversary-gift-ideas-for-him/916689602660)
graduation gift ideas (https://app.pinclicks.com/keyword/graduation-gift-ideas/954945075954)"
921799133361,"personalized birthday gifts",https://www.pinterest.com/ideas/personalized-birthday-gifts/921799133361,1743,0,"event planning (https://app.pinclicks.com/keyword/event-planning/941870572865)
gifts (https://app.pinclicks.com/keyword/gifts/915305016791)
gifts for adults (https://app.pinclicks.com/keyword/gifts-for-adults/898524447846)","customised gift ideas (https://app.pinclicks.com/keyword/customised-gift-ideas/955467821877)
personal birthday gifts (https://app.pinclicks.com/keyword/personal-birthday-gifts/950279532741)
special birthday gifts (https://app.pinclicks.com/keyword/special-birthday-gifts/932154726605)
personalized gifts for friends (https://app.pinclicks.com/keyword/personalized-gifts-for-friends/913390017428)
creative birthday gifts (https://app.pinclicks.com/keyword/creative-birthday-gifts/957063257296)
customized gift ideas (https://app.pinclicks.com/keyword/customized-gift-ideas/957141406249)
personalised gift ideas (https://app.pinclicks.com/keyword/personalised-gift-ideas/941301036581)
thoughtful birthday gifts (https://app.pinclicks.com/keyword/thoughtful-birthday-gifts/934433807910)
cricut birthday gifts (https://app.pinclicks.com/keyword/cricut-birthday-gifts/933516531447)
unique birthday gift ideas (https://app.pinclicks.com/keyword/unique-birthday-gift-ideas/904431569019)"
903617468084,"cute personalized gifts",https://www.pinterest.com/ideas/cute-personalized-gifts/903617468084,1730,0,"event planning (https://app.pinclicks.com/keyword/event-planning/941870572865)
gifts (https://app.pinclicks.com/keyword/gifts/915305016791)
unique gifts (https://app.pinclicks.com/keyword/unique-gifts/915423028505)","personalised gift ideas (https://app.pinclicks.com/keyword/personalised-gift-ideas/941301036581)
customized gift ideas (https://app.pinclicks.com/keyword/customized-gift-ideas/957141406249)
personalized gift ideas (https://app.pinclicks.com/keyword/personalized-gift-ideas/954461280635)
personalized items (https://app.pinclicks.com/keyword/personalized-items/935084611247)
birthday wishlist (https://app.pinclicks.com/keyword/birthday-wishlist/949908782912)
diy gift set (https://app.pinclicks.com/keyword/diy-gift-set/950815714582)
birthday gift ideas (https://app.pinclicks.com/keyword/birthday-gift-ideas/909380455025)
gift hampers (https://app.pinclicks.com/keyword/gift-hampers/904639955658)
money bouquet (https://app.pinclicks.com/keyword/money-bouquet/895019846983)
gift basket ideas (https://app.pinclicks.com/keyword/gift-basket-ideas/917487513230)"
957379824714,"personalized valentines gifts",https://www.pinterest.com/ideas/personalized-valentines-gifts/957379824714,1137,0,"event planning (https://app.pinclicks.com/keyword/event-planning/941870572865)
gifts (https://app.pinclicks.com/keyword/gifts/915305016791)","cute valentine’s day gifts (https://app.pinclicks.com/keyword/cute-valentines-day-gifts/957056630175)
valentine’s day presents (https://app.pinclicks.com/keyword/valentines-day-presents/903613666238)
valentine’s day gifts for her (https://app.pinclicks.com/keyword/valentines-day-gifts-for-her/939411613805)
small valentines day gifts (https://app.pinclicks.com/keyword/small-valentines-day-gifts/956912159734)
creative valentines gifts (https://app.pinclicks.com/keyword/creative-valentines-gifts/937274081211)
valentines day gifts ideas (https://app.pinclicks.com/keyword/valentines-day-gifts-ideas/937878725731)
vday gifts for her (https://app.pinclicks.com/keyword/vday-gifts-for-her/951781414687)
valentines day gifts for her (https://app.pinclicks.com/keyword/valentines-day-gifts-for-her/904027135757)
valentines day gifts for friends (https://app.pinclicks.com/keyword/valentines-day-gifts-for-friends/910306174869)
cute valentines day gifts (https://app.pinclicks.com/keyword/cute-valentines-day-gifts/930239674574)"
960708505166,"personalized photo gifts",https://www.pinterest.com/ideas/personalized-photo-gifts/960708505166,1525,0,"event planning (https://app.pinclicks.com/keyword/event-planning/941870572865)
gifts (https://app.pinclicks.com/keyword/gifts/915305016791)
gifts for adults (https://app.pinclicks.com/keyword/gifts-for-adults/898524447846)","unique photo gifts (https://app.pinclicks.com/keyword/unique-photo-gifts/931128914393)
personalized picture frames (https://app.pinclicks.com/keyword/personalized-picture-frames/930591500710)
personalized photo frames (https://app.pinclicks.com/keyword/personalized-photo-frames/907985637438)
gift ideas with photos (https://app.pinclicks.com/keyword/gift-ideas-with-photos/949387531854)
gift ideas with pictures (https://app.pinclicks.com/keyword/gift-ideas-with-pictures/894734766986)
personalized gift ideas (https://app.pinclicks.com/keyword/personalized-gift-ideas/954461280635)
photography gifts (https://app.pinclicks.com/keyword/photography-gifts/913943985395)
birthday gift ideas (https://app.pinclicks.com/keyword/birthday-gift-ideas/909380455025)
birthday wishlist (https://app.pinclicks.com/keyword/birthday-wishlist/949908782912)
gift hampers (https://app.pinclicks.com/keyword/gift-hampers/904639955658)"
909688287273,"cricut personalized gifts",https://www.pinterest.com/ideas/cricut-personalized-gifts/909688287273,1487,27088999,,
958755959425,"personalized graduation gifts",https://www.pinterest.com/ideas/personalized-graduation-gifts/958755959425,1399,0,"event planning (https://app.pinclicks.com/keyword/event-planning/941870572865)
gifts (https://app.pinclicks.com/keyword/gifts/915305016791)
gifts for adults (https://app.pinclicks.com/keyword/gifts-for-adults/898524447846)","cute graduation gifts (https://app.pinclicks.com/keyword/cute-graduation-gifts/909803590352)
creative graduation gifts (https://app.pinclicks.com/keyword/creative-graduation-gifts/941576727585)
graduation present ideas (https://app.pinclicks.com/keyword/graduation-present-ideas/946995687076)
university graduation gifts (https://app.pinclicks.com/keyword/university-graduation-gifts/945655182264)
senior graduation gift ideas (https://app.pinclicks.com/keyword/senior-graduation-gift-ideas/956774310255)
unique graduation gifts (https://app.pinclicks.com/keyword/unique-graduation-gifts/915573223946)
good graduation gifts (https://app.pinclicks.com/keyword/good-graduation-gifts/925436148492)
fun graduation gifts (https://app.pinclicks.com/keyword/fun-graduation-gifts/945600638332)
grad gift ideas (https://app.pinclicks.com/keyword/grad-gift-ideas/934726432857)
graduation aesthetic (https://app.pinclicks.com/keyword/graduation-aesthetic/919710815451)"
899542622078,"personalized bridesmaid gifts",https://www.pinterest.com/ideas/personalized-bridesmaid-gifts/899542622078,1392,0,"weddings (https://app.pinclicks.com/keyword/weddings/903260720461)
wedding favors and gifts (https://app.pinclicks.com/keyword/wedding-favors-and-gifts/945051572260)
bridesmaid gifts (https://app.pinclicks.com/keyword/bridesmaid-gifts/939534090323)","diy bridesmaid gifts (https://app.pinclicks.com/keyword/diy-bridesmaid-gifts/961688850665)
unique bridesmaid gifts (https://app.pinclicks.com/keyword/unique-bridesmaid-gifts/958410641176)
bridesmaid proposal ideas cheap (https://app.pinclicks.com/keyword/bridesmaid-proposal-ideas-cheap/955298123559)
bridesmaid presents (https://app.pinclicks.com/keyword/bridesmaid-presents/902655061795)
bridal party gifts for bridesmaids (https://app.pinclicks.com/keyword/bridal-party-gifts-for-bridesmaids/950964267122)
creative bridesmaid proposal ideas (https://app.pinclicks.com/keyword/creative-bridesmaid-proposal-ideas/918292152935)
bridesmaid proposal ideas unique (https://app.pinclicks.com/keyword/bridesmaid-proposal-ideas-unique/942752722135)
simple bridesmaid proposal (https://app.pinclicks.com/keyword/simple-bridesmaid-proposal/957807640298)
bridemaids proposals gift ideas (https://app.pinclicks.com/keyword/bridemaids-proposals-gift-ideas/900296825997)
will you be my bridesmaid gifts (https://app.pinclicks.com/keyword/will-you-be-my-bridesmaid-gifts/926030051463)"
943554936498,"personalized wood gifts",https://www.pinterest.com/ideas/personalized-wood-gifts/943554936498,1370,0,"diy and crafts (https://app.pinclicks.com/keyword/diy-and-crafts/934876475639)
diy event (https://app.pinclicks.com/keyword/diy-event/922120925682)
diy gifts (https://app.pinclicks.com/keyword/diy-gifts/952116175576)","laser cut gift ideas (https://app.pinclicks.com/keyword/laser-cut-gift-ideas/908738971858)
homemade wooden gifts (https://app.pinclicks.com/keyword/homemade-wooden-gifts/919823533602)
handmade wooden gifts (https://app.pinclicks.com/keyword/handmade-wooden-gifts/930542424821)
wooden gift ideas (https://app.pinclicks.com/keyword/wooden-gift-ideas/914580920277)
diy wood gift ideas (https://app.pinclicks.com/keyword/diy-wood-gift-ideas/907424100828)
laser engraving ideas gifts (https://app.pinclicks.com/keyword/laser-engraving-ideas-gifts/926211853078)
wood engraved gifts (https://app.pinclicks.com/keyword/wood-engraved-gifts/915863122948)
wood engraving ideas (https://app.pinclicks.com/keyword/wood-engraving-ideas/899752459980)
homemade wood gifts (https://app.pinclicks.com/keyword/homemade-wood-gifts/939620793302)
laser wood projects (https://app.pinclicks.com/keyword/laser-wood-projects/936875078868)"
959594182539,"personalized housewarming gifts",https://www.pinterest.com/ideas/personalized-housewarming-gifts/959594182539,1303,1,"event planning (https://app.pinclicks.com/keyword/event-planning/941870572865)
gifts (https://app.pinclicks.com/keyword/gifts/915305016791)
gifts for friends (https://app.pinclicks.com/keyword/gifts-for-friends/919232753936)","new home gift ideas diy (https://app.pinclicks.com/keyword/new-home-gift-ideas-diy/955869923628)
small housewarming gift (https://app.pinclicks.com/keyword/small-housewarming-gift/928273388734)
unique housewarming gifts (https://app.pinclicks.com/keyword/unique-housewarming-gifts/920623376620)
housewarming gift ideas first home (https://app.pinclicks.com/keyword/housewarming-gift-ideas-first-home/929122364338)
diy housewarming gift ideas (https://app.pinclicks.com/keyword/diy-housewarming-gift-ideas/894453522910)
homewarming gifts ideas (https://app.pinclicks.com/keyword/homewarming-gifts-ideas/943594679472)
new house gift basket (https://app.pinclicks.com/keyword/new-house-gift-basket/897622488305)
practical housewarming gifts (https://app.pinclicks.com/keyword/practical-housewarming-gifts/936749894883)
best housewarming gifts (https://app.pinclicks.com/keyword/best-housewarming-gifts/934310490433)
home warming gifts ideas diy (https://app.pinclicks.com/keyword/home-warming-gifts-ideas-diy/939330522236)"
920591971371,"personalized mothers day gifts",https://www.pinterest.com/ideas/personalized-mothers-day-gifts/920591971371,1248,0,"weddings (https://app.pinclicks.com/keyword/weddings/903260720461)","cricut mothers day gifts (https://app.pinclicks.com/keyword/cricut-mothers-day-gifts/902414921954)
mothers day present ideas (https://app.pinclicks.com/keyword/mothers-day-present-ideas/934984029829)
creative mother's day gifts (https://app.pinclicks.com/keyword/creative-mothers-day-gifts/906908796063)
mothers day gifts for friends (https://app.pinclicks.com/keyword/mothers-day-gifts-for-friends/897514804382)
mothers day gifts from daughter (https://app.pinclicks.com/keyword/mothers-day-gifts-from-daughter/938844725971)
mother's day gifts from daughter (https://app.pinclicks.com/keyword/mothers-day-gifts-from-daughter/895065537981)
cute mothers day gifts (https://app.pinclicks.com/keyword/cute-mothers-day-gifts/917135116479)
unique mothers day gifts (https://app.pinclicks.com/keyword/unique-mothers-day-gifts/954467650636)
mother’s day presents (https://app.pinclicks.com/keyword/mothers-day-presents/927148438000)
mother's day diy (https://app.pinclicks.com/keyword/mothers-day-diy/935121177002)"
956993464688,"personalized wedding gifts for couple",https://www.pinterest.com/ideas/personalized-wedding-gifts-for-couple/956993464688,1118,0,"weddings (https://app.pinclicks.com/keyword/weddings/903260720461)
wedding gifts (https://app.pinclicks.com/keyword/wedding-gifts/958770377703)
wedding gifts for couple (https://app.pinclicks.com/keyword/wedding-gifts-for-couple/908996487900)","unique wedding gift ideas for couple (https://app.pinclicks.com/keyword/unique-wedding-gift-ideas-for-couple/911302714929)
creative wedding gifts for the couple (https://app.pinclicks.com/keyword/creative-wedding-gifts-for-the-couple/927403527818)
unique wedding gifts for bride and groom (https://app.pinclicks.com/keyword/unique-wedding-gifts-for-bride-and-groom/930677917243)
custom wedding gifts (https://app.pinclicks.com/keyword/custom-wedding-gifts/913289912696)
gift ideas for newly weds couple (https://app.pinclicks.com/keyword/gift-ideas-for-newly-weds-couple/902307780249)
diy wedding gifts for couple (https://app.pinclicks.com/keyword/diy-wedding-gifts-for-couple/898163195910)
personal wedding gifts (https://app.pinclicks.com/keyword/personal-wedding-gifts/945178283107)
personalised wedding gifts (https://app.pinclicks.com/keyword/personalised-wedding-gifts/909816869396)
wedding anniversary gifts for couple (https://app.pinclicks.com/keyword/wedding-anniversary-gifts-for-couple/938883478301)
newlywed gifts (https://app.pinclicks.com/keyword/newlywed-gifts/934109073244)"
950058489142,"personalized gifts for him",https://www.pinterest.com/ideas/personalized-gifts-for-him/950058489142,1119,0,,
910359991079,"personalized baby shower gifts",https://www.pinterest.com/ideas/personalized-baby-shower-gifts/910359991079,1030,0,,
942074993624,"personalized kids gifts",https://www.pinterest.com/ideas/personalized-kids-gifts/942074993624,897,0,,
959383365084,"personalized memorial gifts",https://www.pinterest.com/ideas/personalized-memorial-gifts/959383365084,894,0,,
938133212236,"personalized wedding gifts for bride and groom",https://www.pinterest.com/ideas/personalized-wedding-gifts-for-bride-and-groom/938133212236,862,0,,
903945127955,"personalized anniversary gifts",https://www.pinterest.com/ideas/personalized-anniversary-gifts/903945127955,642,0,"event planning (https://app.pinclicks.com/keyword/event-planning/941870572865)
gifts (https://app.pinclicks.com/keyword/gifts/915305016791)
gifts for adults (https://app.pinclicks.com/keyword/gifts-for-adults/898524447846)","wedding anniversary gifts for couple (https://app.pinclicks.com/keyword/wedding-anniversary-gifts-for-couple/938883478301)
unique anniversary gifts for him (https://app.pinclicks.com/keyword/unique-anniversary-gifts-for-him/949172773683)
wedding anniversary gift ideas for him (https://app.pinclicks.com/keyword/wedding-anniversary-gift-ideas-for-him/900718712146)
wedding anniversary gifts for husband (https://app.pinclicks.com/keyword/wedding-anniversary-gifts-for-husband/893534998685)
creative anniversary gifts (https://app.pinclicks.com/keyword/creative-anniversary-gifts/937051645482)
anniversary gifts for parents (https://app.pinclicks.com/keyword/anniversary-gifts-for-parents/927919802682)
first wedding anniversary gift ideas (https://app.pinclicks.com/keyword/first-wedding-anniversary-gift-ideas/895111243096)
anniversary gift for men (https://app.pinclicks.com/keyword/anniversary-gift-for-men/898953222047)
marriage anniversary gift ideas (https://app.pinclicks.com/keyword/marriage-anniversary-gift-ideas/932089291480)
anniversary gifts for her ideas (https://app.pinclicks.com/keyword/anniversary-gifts-for-her-ideas/914739131104)"
948583647141,"personalized bridal shower gifts",https://www.pinterest.com/ideas/personalized-bridal-shower-gifts/948583647141,713,0,,
900350330863,"personalized gifts diy",https://www.pinterest.com/ideas/personalized-gifts-diy/900350330863,684,25488722,,
916424259142,"personalized gifts for mom",https://www.pinterest.com/ideas/personalized-gifts-for-mom/916424259142,664,9,"event planning (https://app.pinclicks.com/keyword/event-planning/941870572865)
gifts (https://app.pinclicks.com/keyword/gifts/915305016791)
gifts for adults (https://app.pinclicks.com/keyword/gifts-for-adults/898524447846)","creative gifts for mom (https://app.pinclicks.com/keyword/creative-gifts-for-mom/920810173485)
cute gifts for mom (https://app.pinclicks.com/keyword/cute-gifts-for-mom/922571947076)
thoughtful gifts for mom (https://app.pinclicks.com/keyword/thoughtful-gifts-for-mom/895447847410)
personalized mothers day gifts (https://app.pinclicks.com/keyword/personalized-mothers-day-gifts/920591971371)
gift ideas for your mom (https://app.pinclicks.com/keyword/gift-ideas-for-your-mom/948866001161)
mom present ideas (https://app.pinclicks.com/keyword/mom-present-ideas/958403205373)
good gifts for mom (https://app.pinclicks.com/keyword/good-gifts-for-mom/944091955762)
christmas gift for mom ideas (https://app.pinclicks.com/keyword/christmas-gift-for-mom-ideas/903925256671)
mama gifts (https://app.pinclicks.com/keyword/mama-gifts/944471264054)
mother christmas gifts (https://app.pinclicks.com/keyword/mother-christmas-gifts/932544229628)"
960700038824,"personalized easter gifts",https://www.pinterest.com/ideas/personalized-easter-gifts/960700038824,661,0,,
954847096910,"personalized golf gifts",https://www.pinterest.com/ideas/personalized-golf-gifts/954847096910,635,0,,
910563978534,"personalized couple gifts",https://www.pinterest.com/ideas/personalized-couple-gifts/910563978534,615,0,,
893413247434,"personalized engagement gifts",https://www.pinterest.com/ideas/personalized-engagement-gifts/893413247434,632,0,"weddings (https://app.pinclicks.com/keyword/weddings/903260720461)
wedding gifts (https://app.pinclicks.com/keyword/wedding-gifts/958770377703)","engagement gift baskets (https://app.pinclicks.com/keyword/engagement-gift-baskets/946487869960)
just engaged gift (https://app.pinclicks.com/keyword/just-engaged-gift/933596022127)
diy engagement gifts (https://app.pinclicks.com/keyword/diy-engagement-gifts/937119102491)
engagement gifts diy (https://app.pinclicks.com/keyword/engagement-gifts-diy/902576448665)
creative engagement gifts (https://app.pinclicks.com/keyword/creative-engagement-gifts/942388333247)
engagement present ideas (https://app.pinclicks.com/keyword/engagement-present-ideas/899242644405)
engagement gift ideas for couples (https://app.pinclicks.com/keyword/engagement-gift-ideas-for-couples/897291838610)
engagement gifts for him (https://app.pinclicks.com/keyword/engagement-gifts-for-him/941317738190)
engagement gift ideas newly engaged (https://app.pinclicks.com/keyword/engagement-gift-ideas-newly-engaged/897027283652)
thoughtful engagement gifts (https://app.pinclicks.com/keyword/thoughtful-engagement-gifts/902267391525)"
949305732311,"personalized grandma gifts",https://www.pinterest.com/ideas/personalized-grandma-gifts/949305732311,553,0,,
907306569042,"personalized gifts ideas",https://www.pinterest.com/ideas/personalized-gifts-ideas/907306569042,526,0,,
958815929665,"personalized gifts for dad",https://www.pinterest.com/ideas/personalized-gifts-for-dad/958815929665,514,0,"diy and crafts (https://app.pinclicks.com/keyword/diy-and-crafts/934876475639)
diy event (https://app.pinclicks.com/keyword/diy-event/922120925682)
diy gifts (https://app.pinclicks.com/keyword/diy-gifts/952116175576)","unique gifts for dad (https://app.pinclicks.com/keyword/unique-gifts-for-dad/936685065077)
dad gift ideas from daughter (https://app.pinclicks.com/keyword/dad-gift-ideas-from-daughter/901015425067)
gift ideas for father (https://app.pinclicks.com/keyword/gift-ideas-for-father/921541608628)
sentimental gifts for dad (https://app.pinclicks.com/keyword/sentimental-gifts-for-dad/906531670100)
present ideas for dad (https://app.pinclicks.com/keyword/present-ideas-for-dad/914932517900)
christmas gifts for dad from daughter (https://app.pinclicks.com/keyword/christmas-gifts-for-dad-from-daughter/943811957569)
diy father's day gifts (https://app.pinclicks.com/keyword/diy-fathers-day-gifts/954775464017)
dad art (https://app.pinclicks.com/keyword/dad-art/910805151009)
dad gift ideas diy (https://app.pinclicks.com/keyword/dad-gift-ideas-diy/949860337366)
dad aesthetic (https://app.pinclicks.com/keyword/dad-aesthetic/920124285303)"
902099345193,"personalized diy gifts",https://www.pinterest.com/ideas/personalized-diy-gifts/902099345193,511,0,,
956839290544,"personalized best friend gifts",https://www.pinterest.com/ideas/personalized-best-friend-gifts/956839290544,491,0,,
916887326091,"personalized family gifts",https://www.pinterest.com/ideas/personalized-family-gifts/916887326091,477,0,,
914532470892,"personalized boyfriend gifts",https://www.pinterest.com/ideas/personalized-boyfriend-gifts/914532470892,461,0,"event planning (https://app.pinclicks.com/keyword/event-planning/941870572865)
gifts (https://app.pinclicks.com/keyword/gifts/915305016791)
gifts for adults (https://app.pinclicks.com/keyword/gifts-for-adults/898524447846)","personalized gifts for him (https://app.pinclicks.com/keyword/personalized-gifts-for-him/950058489142)
gift items for boyfriend (https://app.pinclicks.com/keyword/gift-items-for-boyfriend/953519615362)
photo gifts for boyfriend (https://app.pinclicks.com/keyword/photo-gifts-for-boyfriend/958943455145)
unique gift ideas for boyfriend (https://app.pinclicks.com/keyword/unique-gift-ideas-for-boyfriend/914265440343)
thoughtful gifts for boyfriend (https://app.pinclicks.com/keyword/thoughtful-gifts-for-boyfriend/920540824906)
relationship gifts (https://app.pinclicks.com/keyword/relationship-gifts/894102326966)
special gifts for boyfriend (https://app.pinclicks.com/keyword/special-gifts-for-boyfriend/931444903073)
unique anniversary gifts (https://app.pinclicks.com/keyword/unique-anniversary-gifts/923538345863)
personal gifts for boyfriend (https://app.pinclicks.com/keyword/personal-gifts-for-boyfriend/922622548945)
customized gift ideas for boyfriend (https://app.pinclicks.com/keyword/customized-gift-ideas-for-boyfriend/923413111947)"
942452712719,"personalized fathers day gifts from kids",https://www.pinterest.com/ideas/personalized-fathers-day-gifts-from-kids/942452712719,460,0,,
920408454857,"personalized gifts for grandparents",https://www.pinterest.com/ideas/personalized-gifts-for-grandparents/920408454857,441,0,,
902600806696,"personalized cricut gifts",https://www.pinterest.com/ideas/personalized-cricut-gifts/902600806696,441,0,,
924306655052,"personalized pet gifts",https://www.pinterest.com/ideas/personalized-pet-gifts/924306655052,432,0,,
907598278675,"personalized valentines gifts for kids",https://www.pinterest.com/ideas/personalized-valentines-gifts-for-kids/907598278675,427,0,,
960320870499,"personalized baby boy gifts",https://www.pinterest.com/ideas/personalized-baby-boy-gifts/960320870499,423,0,,
912492923708,"personalized bachelorette gifts",https://www.pinterest.com/ideas/personalized-bachelorette-gifts/912492923708,422,0,,
910617042613,"teacher personalized gifts",https://www.pinterest.com/ideas/teacher-personalized-gifts/910617042613,421,0,,
903902933672,"handmade personalized gifts",https://www.pinterest.com/ideas/handmade-personalized-gifts/903902933672,419,0,"event planning (https://app.pinclicks.com/keyword/event-planning/941870572865)
gifts (https://app.pinclicks.com/keyword/gifts/915305016791)
unique gifts (https://app.pinclicks.com/keyword/unique-gifts/915423028505)","customised gift ideas (https://app.pinclicks.com/keyword/customised-gift-ideas/955467821877)
unique handmade gifts diy (https://app.pinclicks.com/keyword/unique-handmade-gifts-diy/939760156260)
hand crafted gifts ideas (https://app.pinclicks.com/keyword/hand-crafted-gifts-ideas/911690952363)
personalised gifts diy handmade (https://app.pinclicks.com/keyword/personalised-gifts-diy-handmade/939324095759)
handcrafted gifts (https://app.pinclicks.com/keyword/handcrafted-gifts/944367028072)
handmade gifts for women (https://app.pinclicks.com/keyword/handmade-gifts-for-women/950570022743)
customizable gifts (https://app.pinclicks.com/keyword/customizable-gifts/924131508453)
small handmade gifts (https://app.pinclicks.com/keyword/small-handmade-gifts/942779197948)
handmade gift ideas creative (https://app.pinclicks.com/keyword/handmade-gift-ideas-creative/945621434223)
unique homemade gifts (https://app.pinclicks.com/keyword/unique-homemade-gifts/913627931298)"
896925938659,"personalized gifts for teachers",https://www.pinterest.com/ideas/personalized-gifts-for-teachers/896925938659,384,0,,
956169329852,"personalized basketball gifts",https://www.pinterest.com/ideas/personalized-basketball-gifts/956169329852,383,0,,
895783877608,"personalized gifts for women",https://www.pinterest.com/ideas/personalized-gifts-for-women/895783877608,0,0,,
894054282367,"personalized gifts for best friend",https://www.pinterest.com/ideas/personalized-gifts-for-best-friend/894054282367,638,0,"event planning (https://app.pinclicks.com/keyword/event-planning/941870572865)
gifts (https://app.pinclicks.com/keyword/gifts/915305016791)
gifts for friends (https://app.pinclicks.com/keyword/gifts-for-friends/919232753936)","unique gift ideas for best friend (https://app.pinclicks.com/keyword/unique-gift-ideas-for-best-friend/942240255562)
unique birthday gifts for best friend (https://app.pinclicks.com/keyword/unique-birthday-gifts-for-best-friend/941853907578)
gifts for my best friend (https://app.pinclicks.com/keyword/gifts-for-my-best-friend/904464845857)
personal gifts for best friend (https://app.pinclicks.com/keyword/personal-gifts-for-best-friend/946224418230)
meaningful gifts for best friend (https://app.pinclicks.com/keyword/meaningful-gifts-for-best-friend/960830843231)
thoughtful gifts for best friends (https://app.pinclicks.com/keyword/thoughtful-gifts-for-best-friends/924256129167)
best birthday gift ideas for best friend (https://app.pinclicks.com/keyword/best-birthday-gift-ideas-for-best-friend/936501475348)
birthday wishlist (https://app.pinclicks.com/keyword/birthday-wishlist/949908782912)
besties gift ideas (https://app.pinclicks.com/keyword/besties-gift-ideas/927445737980)
anniversary gift ideas for him (https://app.pinclicks.com/keyword/anniversary-gift-ideas-for-him/916689602660)"
934752985740,"small personalized gifts",https://www.pinterest.com/ideas/small-personalized-gifts/934752985740,354,0,,
918794599678,"personalized gifts for her",https://www.pinterest.com/ideas/personalized-gifts-for-her/918794599678,344,0,"event planning (https://app.pinclicks.com/keyword/event-planning/941870572865)
gifts (https://app.pinclicks.com/keyword/gifts/915305016791)
gifts for adults (https://app.pinclicks.com/keyword/gifts-for-adults/898524447846)","personal gift ideas (https://app.pinclicks.com/keyword/personal-gift-ideas/940614352695)
customised gift ideas (https://app.pinclicks.com/keyword/customised-gift-ideas/955467821877)
cute personalized gifts (https://app.pinclicks.com/keyword/cute-personalized-gifts/903617468084)
personalized gifts for friends (https://app.pinclicks.com/keyword/personalized-gifts-for-friends/913390017428)
personalised gift ideas (https://app.pinclicks.com/keyword/personalised-gift-ideas/941301036581)
unique gift ideas for women (https://app.pinclicks.com/keyword/unique-gift-ideas-for-women/908922224703)
unique gifts for her (https://app.pinclicks.com/keyword/unique-gifts-for-her/941269144067)
customized gift ideas (https://app.pinclicks.com/keyword/customized-gift-ideas/957141406249)
best gifts for her (https://app.pinclicks.com/keyword/best-gifts-for-her/947621325377)
gift ideas for her (https://app.pinclicks.com/keyword/gift-ideas-for-her/947160463299)"
936616332737,"personalized baseball gifts",https://www.pinterest.com/ideas/personalized-baseball-gifts/936616332737,344,0,,
908454617282,"personalized toddler gifts",https://www.pinterest.com/ideas/personalized-toddler-gifts/908454617282,342,0,"parenting (https://app.pinclicks.com/keyword/parenting/920236059316)
toys (https://app.pinclicks.com/keyword/toys/957620480011)","baby personalized gift ideas (https://app.pinclicks.com/keyword/baby-personalized-gift-ideas/928834452175)
customized baby gifts (https://app.pinclicks.com/keyword/customized-baby-gifts/945010424728)
toddler gift basket (https://app.pinclicks.com/keyword/toddler-gift-basket/907471895120)
toddler gift guide (https://app.pinclicks.com/keyword/toddler-gift-guide/894351158654)
toddler made christmas gifts (https://app.pinclicks.com/keyword/toddler-made-christmas-gifts/902698447653)
personalized gifts for kids (https://app.pinclicks.com/keyword/personalized-gifts-for-kids/926832805196)
toddler diy christmas gifts (https://app.pinclicks.com/keyword/toddler-diy-christmas-gifts/961338635925)
cricut gifts for kids (https://app.pinclicks.com/keyword/cricut-gifts-for-kids/916506902993)
children gift ideas (https://app.pinclicks.com/keyword/children-gift-ideas/912717204789)
diy toddler christmas gifts (https://app.pinclicks.com/keyword/diy-toddler-christmas-gifts/924855704283)"
934985912510,"diy personalized baby gifts",https://www.pinterest.com/ideas/diy-personalized-baby-gifts/934985912510,341,0,,
958079828432,"gifts personalized",https://www.pinterest.com/ideas/gifts-personalized/958079828432,336,0,,
901850755525,"personalized gifts for grandma",https://www.pinterest.com/ideas/personalized-gifts-for-grandma/901850755525,336,0,,
905670951412,"personalized crochet gifts",https://www.pinterest.com/ideas/personalized-crochet-gifts/905670951412,313,0,,
934365821673,"personalized student gifts from teacher",https://www.pinterest.com/ideas/personalized-student-gifts-from-teacher/934365821673,296,0,,
895613533110,"personalized grandparent gifts",https://www.pinterest.com/ideas/personalized-grandparent-gifts/895613533110,264,0,"event planning (https://app.pinclicks.com/keyword/event-planning/941870572865)
gifts (https://app.pinclicks.com/keyword/gifts/915305016791)
gifts for adults (https://app.pinclicks.com/keyword/gifts-for-adults/898524447846)","handmade gifts for grandparents (https://app.pinclicks.com/keyword/handmade-gifts-for-grandparents/936410026226)
homemade gifts for grandparents (https://app.pinclicks.com/keyword/homemade-gifts-for-grandparents/953073645904)
homemade christmas gifts for grandparents (https://app.pinclicks.com/keyword/homemade-christmas-gifts-for-grandparents/949840902616)
diy christmas gifts for grandma (https://app.pinclicks.com/keyword/diy-christmas-gifts-for-grandma/930410619250)
baby christmas crafts for grandparents (https://app.pinclicks.com/keyword/baby-christmas-crafts-for-grandparents/921947239711)
grandparents day gifts (https://app.pinclicks.com/keyword/grandparents-day-gifts/935412729256)
christmas gift ideas for grandma (https://app.pinclicks.com/keyword/christmas-gift-ideas-for-grandma/934032426003)
diy grandpa gifts from grandkids (https://app.pinclicks.com/keyword/diy-grandpa-gifts-from-grandkids/944278952968)
handprint gifts for grandparents (https://app.pinclicks.com/keyword/handprint-gifts-for-grandparents/952714389655)
new grandparent gifts (https://app.pinclicks.com/keyword/new-grandparent-gifts/921089798700)"
941037495779,"personalized 3d printed gifts",https://www.pinterest.com/ideas/personalized-3d-printed-gifts/941037495779,291,0,,
903487260563,"personalized fathers day gifts",https://www.pinterest.com/ideas/personalized-fathers-day-gifts/903487260563,291,0,,
945850519652,"personalized football gifts",https://www.pinterest.com/ideas/personalized-football-gifts/945850519652,288,0,,
954307299612,"valentines personalized gifts",https://www.pinterest.com/ideas/valentines-personalized-gifts/954307299612,286,0,,
899933611380,"personalized mom gifts",https://www.pinterest.com/ideas/personalized-mom-gifts/899933611380,281,0,,
906678139970,"personalized gifts for husband",https://www.pinterest.com/ideas/personalized-gifts-for-husband/906678139970,281,0,,
921187657388,"diy personalized christmas gifts",https://www.pinterest.com/ideas/diy-personalized-christmas-gifts/921187657388,280,0,,
961911032566,"personalized laser engraved gifts",https://www.pinterest.com/ideas/personalized-laser-engraved-gifts/961911032566,228,0,"diy and crafts (https://app.pinclicks.com/keyword/diy-and-crafts/934876475639)
diy event (https://app.pinclicks.com/keyword/diy-event/922120925682)
diy gifts (https://app.pinclicks.com/keyword/diy-gifts/952116175576)","cricut engraving projects (https://app.pinclicks.com/keyword/cricut-engraving-projects/944282318709)
glowforge ideas (https://app.pinclicks.com/keyword/glowforge-ideas/930015846732)
laser engraving ideas projects (https://app.pinclicks.com/keyword/laser-engraving-ideas-projects/948746182727)
glowforge projects to sell (https://app.pinclicks.com/keyword/glowforge-projects-to-sell/925627461013)
personalized wood gifts (https://app.pinclicks.com/keyword/personalized-wood-gifts/943554936498)
laser cut gift ideas (https://app.pinclicks.com/keyword/laser-cut-gift-ideas/908738971858)
laser cut projects ideas (https://app.pinclicks.com/keyword/laser-cut-projects-ideas/924608104928)
laser engraving ideas gifts (https://app.pinclicks.com/keyword/laser-engraving-ideas-gifts/926211853078)
wood engraved gifts (https://app.pinclicks.com/keyword/wood-engraved-gifts/915863122948)
laser engraved wedding (https://app.pinclicks.com/keyword/laser-engraved-wedding/897909208872)"
914913421649,"personalized thank you gifts",https://www.pinterest.com/ideas/personalized-thank-you-gifts/914913421649,271,0,,
894117582032,"personalized teacher appreciation gifts",https://www.pinterest.com/ideas/personalized-teacher-appreciation-gifts/894117582032,287,0,"event planning (https://app.pinclicks.com/keyword/event-planning/941870572865)
gifts (https://app.pinclicks.com/keyword/gifts/915305016791)
gifts for adults (https://app.pinclicks.com/keyword/gifts-for-adults/898524447846)","teacher appreciation gifts diy creative (https://app.pinclicks.com/keyword/teacher-appreciation-gifts-diy-creative/925675608912)
teacher appreciation basket ideas (https://app.pinclicks.com/keyword/teacher-appreciation-basket-ideas/896357318231)
teacher appreciation gifts cricut (https://app.pinclicks.com/keyword/teacher-appreciation-gifts-cricut/903052636170)
custom teacher gifts (https://app.pinclicks.com/keyword/custom-teacher-gifts/937201669155)
gift ideas for teachers appreciation (https://app.pinclicks.com/keyword/gift-ideas-for-teachers-appreciation/915523503818)
teacher appreciation gift baskets (https://app.pinclicks.com/keyword/teacher-appreciation-gift-baskets/933733617568)
cute teacher gift ideas (https://app.pinclicks.com/keyword/cute-teacher-gift-ideas/904844708698)
cute teacher appreciation gifts (https://app.pinclicks.com/keyword/cute-teacher-appreciation-gifts/953386148513)
teacher appreciation week ideas gifts (https://app.pinclicks.com/keyword/teacher-appreciation-week-ideas-gifts/901286794848)
easy teacher appreciation gifts diy (https://app.pinclicks.com/keyword/easy-teacher-appreciation-gifts-diy/961751993900)"
960319068292,"personalized bride gifts",https://www.pinterest.com/ideas/personalized-bride-gifts/960319068292,266,0,,
904236461139,"personalized gifts for coworkers",https://www.pinterest.com/ideas/personalized-gifts-for-coworkers/904236461139,260,0,,
901372971716,"personalized baby girl gifts",https://www.pinterest.com/ideas/personalized-baby-girl-gifts/901372971716,259,0,,
957086427891,"cheap personalized gifts",https://www.pinterest.com/ideas/cheap-personalized-gifts/957086427891,258,0,,
950283727399,"personalized kitchen gifts",https://www.pinterest.com/ideas/personalized-kitchen-gifts/950283727399,255,0,,
954611841486,"personalized valentines gifts for him",https://www.pinterest.com/ideas/personalized-valentines-gifts-for-him/954611841486,254,0,,
941444164588,"baby boy personalized gifts",https://www.pinterest.com/ideas/baby-boy-personalized-gifts/941444164588,248,0,,
914298543405,"personalized gifts for students",https://www.pinterest.com/ideas/personalized-gifts-for-students/914298543405,247,0,,
905972832318,"personalized leather gifts",https://www.pinterest.com/ideas/personalized-leather-gifts/905972832318,242,0,,
925522949927,"personalized retirement gifts",https://www.pinterest.com/ideas/personalized-retirement-gifts/925522949927,238,0,,
929615022941,"personalized softball gifts",https://www.pinterest.com/ideas/personalized-softball-gifts/929615022941,237,0,,
952195012419,"personalized baby gifts cricut",https://www.pinterest.com/ideas/personalized-baby-gifts-cricut/952195012419,230,0,,
954388292245,"personalized gifts for girlfriend",https://www.pinterest.com/ideas/personalized-gifts-for-girlfriend/954388292245,229,0,,
905905496612,"cute personalized gifts for boyfriend",https://www.pinterest.com/ideas/cute-personalized-gifts-for-boyfriend/905905496612,229,0,,
961341883778,"best personalized gifts",https://www.pinterest.com/ideas/best-personalized-gifts/961341883778,251,0,"event planning (https://app.pinclicks.com/keyword/event-planning/941870572865)
gifts (https://app.pinclicks.com/keyword/gifts/915305016791)
unique gifts (https://app.pinclicks.com/keyword/unique-gifts/915423028505)","personalised gift ideas (https://app.pinclicks.com/keyword/personalised-gift-ideas/941301036581)
personalized items (https://app.pinclicks.com/keyword/personalized-items/935084611247)
customized gift ideas (https://app.pinclicks.com/keyword/customized-gift-ideas/957141406249)
personalized gift ideas (https://app.pinclicks.com/keyword/personalized-gift-ideas/954461280635)
cute personalized gifts (https://app.pinclicks.com/keyword/cute-personalized-gifts/903617468084)
bridal gift ideas (https://app.pinclicks.com/keyword/bridal-gift-ideas/953785200469)
bridesmaid gift boxes (https://app.pinclicks.com/keyword/bridesmaid-gift-boxes/912571600568)
bridesmaid gift ideas (https://app.pinclicks.com/keyword/bridesmaid-gift-ideas/909407060928)
personalized gifts for men (https://app.pinclicks.com/keyword/personalized-gifts-for-men/924814304181)
unique bridesmaid proposal (https://app.pinclicks.com/keyword/unique-bridesmaid-proposal/937550421702)"
931921443369,"personalized gifts for girls",https://www.pinterest.com/ideas/personalized-gifts-for-girls/931921443369,227,0,,
921819568710,"valentines day personalized gifts",https://www.pinterest.com/ideas/valentines-day-personalized-gifts/921819568710,222,0,,
942620610132,"personalized cards for gifts",https://www.pinterest.com/ideas/personalized-cards-for-gifts/942620610132,215,0,,
955524650123,"christmas gifts personalized",https://www.pinterest.com/ideas/christmas-gifts-personalized/955524650123,214,0,,
903425175406,"personalized picture gifts",https://www.pinterest.com/ideas/personalized-picture-gifts/903425175406,214,0,,
960457211204,"personalized christmas gifts for kids",https://www.pinterest.com/ideas/personalized-christmas-gifts-for-kids/960457211204,212,0,,
940728225806,"personalized corporate gifts",https://www.pinterest.com/ideas/personalized-corporate-gifts/940728225806,212,0,,
901489143207,"creative personalized gifts",https://www.pinterest.com/ideas/creative-personalized-gifts/901489143207,207,0,,
954467325671,"personalized resin gifts",https://www.pinterest.com/ideas/personalized-resin-gifts/954467325671,203,0,,
914940973950,"personalized cheer gifts",https://www.pinterest.com/ideas/personalized-cheer-gifts/914940973950,203,0,,
900665117990,"etsy personalized gifts",https://www.pinterest.com/ideas/etsy-personalized-gifts/900665117990,200,0,,
913858834689,"personalized christmas gifts for family",https://www.pinterest.com/ideas/personalized-christmas-gifts-for-family/913858834689,199,0,,
927297264230,"personalized godmother gifts",https://www.pinterest.com/ideas/personalized-godmother-gifts/927297264230,199,0,,
916806730267,"personalized office gifts",https://www.pinterest.com/ideas/personalized-office-gifts/916806730267,194,0,,
944529026701,"personalized anniversary gifts for him",https://www.pinterest.com/ideas/personalized-anniversary-gifts-for-him/944529026701,192,0,,
934085463475,"personalized student gifts",https://www.pinterest.com/ideas/personalized-student-gifts/934085463475,192,0,,
906414988563,"personalized friend gifts",https://www.pinterest.com/ideas/personalized-friend-gifts/906414988563,189,0,"event planning (https://app.pinclicks.com/keyword/event-planning/941870572865)
gifts (https://app.pinclicks.com/keyword/gifts/915305016791)
gifts for friends (https://app.pinclicks.com/keyword/gifts-for-friends/919232753936)","unique gift ideas for best friend (https://app.pinclicks.com/keyword/unique-gift-ideas-for-best-friend/942240255562)
personal gifts for best friend (https://app.pinclicks.com/keyword/personal-gifts-for-best-friend/946224418230)
gifts for your friends (https://app.pinclicks.com/keyword/gifts-for-your-friends/947569520511)
thoughtful gifts for best friends (https://app.pinclicks.com/keyword/thoughtful-gifts-for-best-friends/924256129167)
personalized gift ideas (https://app.pinclicks.com/keyword/personalized-gift-ideas/954461280635)
gifts to give friends (https://app.pinclicks.com/keyword/gifts-to-give-friends/908187433745)
personalized birthday gifts (https://app.pinclicks.com/keyword/personalized-birthday-gifts/921799133361)
just because gifts for friends (https://app.pinclicks.com/keyword/just-because-gifts-for-friends/894588002263)
creative gifts for friends (https://app.pinclicks.com/keyword/creative-gifts-for-friends/949083819101)
gifts to get friends (https://app.pinclicks.com/keyword/gifts-to-get-friends/951927594122)"
923542022860,"personalized cat gifts",https://www.pinterest.com/ideas/personalized-cat-gifts/923542022860,188,0,,
922829308199,"easy personalized gifts",https://www.pinterest.com/ideas/easy-personalized-gifts/922829308199,186,0,,
932505926489,"mom personalized gifts",https://www.pinterest.com/ideas/mom-personalized-gifts/932505926489,181,0,,
956960305569,"personalized gifts cricut",https://www.pinterest.com/ideas/personalized-gifts-cricut/956960305569,173,0,,
930686067864,"personalized christmas gifts diy",https://www.pinterest.com/ideas/personalized-christmas-gifts-diy/930686067864,173,0,,
944499101852,"personalized mens gifts",https://www.pinterest.com/ideas/personalized-mens-gifts/944499101852,169,0,,
925249822232,"newborn personalized gifts",https://www.pinterest.com/ideas/newborn-personalized-gifts/925249822232,169,0,,
917096688812,"personalized gifts for boyfriend diy",https://www.pinterest.com/ideas/personalized-gifts-for-boyfriend-diy/917096688812,162,0,,
897839533383,"personalized hockey gifts",https://www.pinterest.com/ideas/personalized-hockey-gifts/897839533383,159,0,,
925187587539,"groomsmen gifts personalized",https://www.pinterest.com/ideas/groomsmen-gifts-personalized/925187587539,159,0,,
958299016985,"personalized birthday gifts for him",https://www.pinterest.com/ideas/personalized-birthday-gifts-for-him/958299016985,154,0,,
909644951058,"personalized engraved gifts",https://www.pinterest.com/ideas/personalized-engraved-gifts/909644951058,151,0,,
934002906369,"personalized baby gifts boy",https://www.pinterest.com/ideas/personalized-baby-gifts-boy/934002906369,150,0,,
895001597400,"personalized teacher gifts from students",https://www.pinterest.com/ideas/personalized-teacher-gifts-from-students/895001597400,118,0,"event planning (https://app.pinclicks.com/keyword/event-planning/941870572865)
gifts (https://app.pinclicks.com/keyword/gifts/915305016791)
gifts for adults (https://app.pinclicks.com/keyword/gifts-for-adults/898524447846)","gift for kindergarten teacher (https://app.pinclicks.com/keyword/gift-for-kindergarten-teacher/933689984153)
teacher gift from classroom kids (https://app.pinclicks.com/keyword/teacher-gift-from-classroom-kids/961941928602)
teacher gifts from class (https://app.pinclicks.com/keyword/teacher-gifts-from-class/943696134933)
personalized teacher gifts (https://app.pinclicks.com/keyword/personalized-teacher-gifts/913660134929)
gifts for preschool students (https://app.pinclicks.com/keyword/gifts-for-preschool-students/950766564028)
unique teachers gift (https://app.pinclicks.com/keyword/unique-teachers-gift/923039851207)
birthday gift for teacher from students (https://app.pinclicks.com/keyword/birthday-gift-for-teacher-from-students/926668436920)
custom teacher gifts (https://app.pinclicks.com/keyword/custom-teacher-gifts/937201669155)
student teacher gifts from mentor (https://app.pinclicks.com/keyword/student-teacher-gifts-from-mentor/932475110287)
gifts for preschool teachers (https://app.pinclicks.com/keyword/gifts-for-preschool-teachers/912303191103)"
913691468924,"personalized end of year student gifts",https://www.pinterest.com/ideas/personalized-end-of-year-student-gifts/913691468924,148,0,,
950767030180,"personalized home gifts",https://www.pinterest.com/ideas/personalized-home-gifts/950767030180,147,0,,
910026972467,"personalized bridal gifts",https://www.pinterest.com/ideas/personalized-bridal-gifts/910026972467,146,0,,
949645634135,"personalized travel gifts",https://www.pinterest.com/ideas/personalized-travel-gifts/949645634135,144,0,,
918203409091,"personalized soccer gifts",https://www.pinterest.com/ideas/personalized-soccer-gifts/918203409091,142,0,,
950611332113,"personalized friendship gifts",https://www.pinterest.com/ideas/personalized-friendship-gifts/950611332113,127,0,,"friendship basket ideas (https://app.pinclicks.com/keyword/friendship-basket-ideas/913105936137)
friendship gifts ideas creative (https://app.pinclicks.com/keyword/friendship-gifts-ideas-creative/896592404099)
diy friendship gifts (https://app.pinclicks.com/keyword/diy-friendship-gifts/908133843756)
sentimental gifts for best friend diy (https://app.pinclicks.com/keyword/sentimental-gifts-for-best-friend-diy/957548855565)
diy gifts for friends meaningful (https://app.pinclicks.com/keyword/diy-gifts-for-friends-meaningful/898117268065)
cute gift ideas (https://app.pinclicks.com/keyword/cute-gift-ideas/928364135088)
gift packing ideas (https://app.pinclicks.com/keyword/gift-packing-ideas/923870256383)
gifts for female best friend (https://app.pinclicks.com/keyword/gifts-for-female-best-friend/946146658088)
homemade gifts for boyfriend (https://app.pinclicks.com/keyword/homemade-gifts-for-boyfriend/959919586039)
gift basket ideas for women (https://app.pinclicks.com/keyword/gift-basket-ideas-for-women/959099205788)"
957233605213,"homemade personalized gifts",https://www.pinterest.com/ideas/homemade-personalized-gifts/957233605213,141,0,,
908479211186,"personalized wedding gifts diy",https://www.pinterest.com/ideas/personalized-wedding-gifts-diy/908479211186,136,0,,
931272515406,"personalized gifts for christmas",https://www.pinterest.com/ideas/personalized-gifts-for-christmas/931272515406,133,0,,
935107476128,"personalized baptism gifts",https://www.pinterest.com/ideas/personalized-baptism-gifts/935107476128,132,0,,
941030781167,"personalized halloween gifts",https://www.pinterest.com/ideas/personalized-halloween-gifts/941030781167,131,0,,
895205028905,"personalized coach gifts",https://www.pinterest.com/ideas/personalized-coach-gifts/895205028905,135,0,"event planning (https://app.pinclicks.com/keyword/event-planning/941870572865)
gifts (https://app.pinclicks.com/keyword/gifts/915305016791)
gifts for adults (https://app.pinclicks.com/keyword/gifts-for-adults/898524447846)","hockey coach gift ideas (https://app.pinclicks.com/keyword/hockey-coach-gift-ideas/948547664546)
coach thank you gifts (https://app.pinclicks.com/keyword/coach-thank-you-gifts/948084234552)
coach gift basket (https://app.pinclicks.com/keyword/coach-gift-basket/947974568692)
soccer coach gift ideas (https://app.pinclicks.com/keyword/soccer-coach-gift-ideas/953254490132)
coach day (https://app.pinclicks.com/keyword/coach-day/895606141428)
football coach gift ideas (https://app.pinclicks.com/keyword/football-coach-gift-ideas/958790271407)
coach accessories (https://app.pinclicks.com/keyword/coach-accessories/911065489865)
swim coach gift ideas (https://app.pinclicks.com/keyword/swim-coach-gift-ideas/950136208192)
softball coach gift ideas (https://app.pinclicks.com/keyword/softball-coach-gift-ideas/916695417950)
baseball coach gift ideas diy (https://app.pinclicks.com/keyword/baseball-coach-gift-ideas-diy/903020570274)"
902291928261,"bride personalized gifts",https://www.pinterest.com/ideas/bride-personalized-gifts/902291928261,129,0,,
936986512592,"ideas for personalized gifts",https://www.pinterest.com/ideas/ideas-for-personalized-gifts/936986512592,127,0,,
958655635526,"personalized dog gifts for people",https://www.pinterest.com/ideas/personalized-dog-gifts-for-people/958655635526,121,0,,
930599326978,"personalized clay gifts",https://www.pinterest.com/ideas/personalized-clay-gifts/930599326978,119,0,,
925494463499,"personalized lego gifts",https://www.pinterest.com/ideas/personalized-lego-gifts/925494463499,118,0,"event planning (https://app.pinclicks.com/keyword/event-planning/941870572865)
gifts (https://app.pinclicks.com/keyword/gifts/915305016791)
gifts for kids (https://app.pinclicks.com/keyword/gifts-for-kids/935435858853)","diy lego decorations (https://app.pinclicks.com/keyword/diy-lego-decorations/922342463418)
lego christmas ideas (https://app.pinclicks.com/keyword/lego-christmas-ideas/958146271639)
lego valentine ideas (https://app.pinclicks.com/keyword/lego-valentine-ideas/914878217023)
lego picture frame (https://app.pinclicks.com/keyword/lego-picture-frame/906238886725)
lego gift ideas (https://app.pinclicks.com/keyword/lego-gift-ideas/900308787380)
christmas lego ideas (https://app.pinclicks.com/keyword/christmas-lego-ideas/896194212580)
lego decorations (https://app.pinclicks.com/keyword/lego-decorations/904248165580)
gift hampers (https://app.pinclicks.com/keyword/gift-hampers/904639955658)
lego sets for boyfriend (https://app.pinclicks.com/keyword/lego-sets-for-boyfriend/941896614279)
lego ideas for kids (https://app.pinclicks.com/keyword/lego-ideas-for-kids/955731284654)"
930417410046,"diy personalized gifts for kids",https://www.pinterest.com/ideas/diy-personalized-gifts-for-kids/930417410046,117,0,,
906206969199,"personalized gifts quotes",https://www.pinterest.com/ideas/personalized-gifts-quotes/906206969199,115,0,,
946494590459,"personalized bday gifts",https://www.pinterest.com/ideas/personalized-bday-gifts/946494590459,114,0,,
932988936602,"personalized first birthday gifts",https://www.pinterest.com/ideas/personalized-first-birthday-gifts/932988936602,114,0,,
908304720283,"diy personalized wedding gifts",https://www.pinterest.com/ideas/diy-personalized-wedding-gifts/908304720283,114,0,,
910351858007,"personalized gifts for boys",https://www.pinterest.com/ideas/personalized-gifts-for-boys/910351858007,112,0,,
905874897490,"personalized hostess gifts",https://www.pinterest.com/ideas/personalized-hostess-gifts/905874897490,110,0,,
926737369011,"dog personalized gifts",https://www.pinterest.com/ideas/dog-personalized-gifts/926737369011,107,0,,
917820001645,"personalized horse gifts",https://www.pinterest.com/ideas/personalized-horse-gifts/917820001645,105,0,,
925990451544,"personalized wedding gifts for guests",https://www.pinterest.com/ideas/personalized-wedding-gifts-for-guests/925990451544,105,0,,
914042237312,"personalized coworker gifts",https://www.pinterest.com/ideas/personalized-coworker-gifts/914042237312,104,0,,
936021591146,"personalized employee gifts",https://www.pinterest.com/ideas/personalized-employee-gifts/936021591146,104,0,,
923141756924,"personalized art gifts",https://www.pinterest.com/ideas/personalized-art-gifts/923141756924,102,0,,
910642006301,"personalized sports gifts",https://www.pinterest.com/ideas/personalized-sports-gifts/910642006301,102,0,,
908584399476,"unique personalized wedding gifts",https://www.pinterest.com/ideas/unique-personalized-wedding-gifts/908584399476,101,0,,
951444589814,"personalized nurse gifts",https://www.pinterest.com/ideas/personalized-nurse-gifts/951444589814,101,0,,
922507031083,"vinyl personalized gifts",https://www.pinterest.com/ideas/vinyl-personalized-gifts/922507031083,100,0,,
938598205241,"personalized beach gifts",https://www.pinterest.com/ideas/personalized-beach-gifts/938598205241,100,0,,
961988731482,"personalized birthday return gifts",https://www.pinterest.com/ideas/personalized-birthday-return-gifts/961988731482,175,0,"event planning (https://app.pinclicks.com/keyword/event-planning/941870572865)
personal celebration (https://app.pinclicks.com/keyword/personal-celebration/944522520255)
birthday (https://app.pinclicks.com/keyword/birthday/928401580057)","1st birthday return gifts ideas (https://app.pinclicks.com/keyword/1st-birthday-return-gifts-ideas/952008385083)
return gifts for birthday party (https://app.pinclicks.com/keyword/return-gifts-for-birthday-party/957383891057)
1st birthday souvenir ideas (https://app.pinclicks.com/keyword/1st-birthday-souvenir-ideas/929258609253)
birthday souvenirs for adults (https://app.pinclicks.com/keyword/birthday-souvenirs-for-adults/917656476363)
custom party favors (https://app.pinclicks.com/keyword/custom-party-favors/944855000412)
first birthday return gifts ideas (https://app.pinclicks.com/keyword/first-birthday-return-gifts-ideas/909679242278)
personalized party favors (https://app.pinclicks.com/keyword/personalized-party-favors/935306755027)
birthday giveaways for kids (https://app.pinclicks.com/keyword/birthday-giveaways-for-kids/912107635837)
return gift bags (https://app.pinclicks.com/keyword/return-gift-bags/917280240779)
diy giveaways ideas birthday (https://app.pinclicks.com/keyword/diy-giveaways-ideas-birthday/918195443204)"
947565139273,"personalized business gifts",https://www.pinterest.com/ideas/personalized-business-gifts/947565139273,99,0,,
901853402358,"personalized gifts for teens",https://www.pinterest.com/ideas/personalized-gifts-for-teens/901853402358,97,0,,
931900036922,"personalized senior gifts",https://www.pinterest.com/ideas/personalized-senior-gifts/931900036922,97,0,,
919709944158,"personalized gifts christmas",https://www.pinterest.com/ideas/personalized-gifts-christmas/919709944158,96,0,,
953167511941,"personalized gifts for sister",https://www.pinterest.com/ideas/personalized-gifts-for-sister/953167511941,93,0,,
953872772005,"mens personalized gifts",https://www.pinterest.com/ideas/mens-personalized-gifts/953872772005,93,0,,
935546827601,"easy personalized gifts diy",https://www.pinterest.com/ideas/easy-personalized-gifts-diy/935546827601,92,0,,
921661368896,"personalized team gifts",https://www.pinterest.com/ideas/personalized-team-gifts/921661368896,90,0,,
919898913433,"unique personalized baby gifts",https://www.pinterest.com/ideas/unique-personalized-baby-gifts/919898913433,90,0,,
920705555333,"personalized wedding shower gifts",https://www.pinterest.com/ideas/personalized-wedding-shower-gifts/920705555333,90,0,,
946495274561,"acrylic personalized gifts",https://www.pinterest.com/ideas/acrylic-personalized-gifts/946495274561,90,0,,
935980728007,"personalized grandpa gifts",https://www.pinterest.com/ideas/personalized-grandpa-gifts/935980728007,87,0,,
908572328618,"personalized sister gifts",https://www.pinterest.com/ideas/personalized-sister-gifts/908572328618,85,0,,
909967082283,"personalized gifts for employees",https://www.pinterest.com/ideas/personalized-gifts-for-employees/909967082283,68,0,"event planning (https://app.pinclicks.com/keyword/event-planning/941870572865)
gifts (https://app.pinclicks.com/keyword/gifts/915305016791)
gifts for adults (https://app.pinclicks.com/keyword/gifts-for-adults/898524447846)","company gifts business (https://app.pinclicks.com/keyword/company-gifts-business/942478871726)
company gifts for employees (https://app.pinclicks.com/keyword/company-gifts-for-employees/912635583601)
manager gift ideas (https://app.pinclicks.com/keyword/manager-gift-ideas/894210865439)
custom corporate gifts (https://app.pinclicks.com/keyword/custom-corporate-gifts/900510416270)
corporate gifts for employees (https://app.pinclicks.com/keyword/corporate-gifts-for-employees/956054393923)
gift ideas for employees from boss (https://app.pinclicks.com/keyword/gift-ideas-for-employees-from-boss/919494997940)
supervisor gifts ideas (https://app.pinclicks.com/keyword/supervisor-gifts-ideas/928084799825)
corporate christmas gifts (https://app.pinclicks.com/keyword/corporate-christmas-gifts/962007191788)
unique corporate gifts (https://app.pinclicks.com/keyword/unique-corporate-gifts/912695389951)
corporate gifts for clients business (https://app.pinclicks.com/keyword/corporate-gifts-for-clients-business/935085756444)"
944636708603,"personalized kids christmas gifts",https://www.pinterest.com/ideas/personalized-kids-christmas-gifts/944636708603,80,0,,
949067229750,"personalized holiday gifts",https://www.pinterest.com/ideas/personalized-holiday-gifts/949067229750,80,0,,
914869742322,"personalized mother's day gifts",https://www.pinterest.com/ideas/personalized-mothers-day-gifts/914869742322,79,0,,
914144138227,"personalized sewing gifts",https://www.pinterest.com/ideas/personalized-sewing-gifts/914144138227,78,0,,
927767971233,"personalized christmas gifts for friends",https://www.pinterest.com/ideas/personalized-christmas-gifts-for-friends/927767971233,75,0,,
955620032022,"personalized baking gifts",https://www.pinterest.com/ideas/personalized-baking-gifts/955620032022,74,0,,
902587060712,"personalized gifts for bridesmaids",https://www.pinterest.com/ideas/personalized-gifts-for-bridesmaids/902587060712,74,0,,
919732300030,"personalized girls trip gifts",https://www.pinterest.com/ideas/personalized-girls-trip-gifts/919732300030,73,0,,
934969037389,"valentine gifts personalized",https://www.pinterest.com/ideas/valentine-gifts-personalized/934969037389,71,0,,
947944239124,"personalized 50th birthday gifts",https://www.pinterest.com/ideas/personalized-50th-birthday-gifts/947944239124,69,0,,
911910495558,"cool personalized gifts",https://www.pinterest.com/ideas/cool-personalized-gifts/911910495558,69,0,,
961871642059,"personalized teacher christmas gifts",https://www.pinterest.com/ideas/personalized-teacher-christmas-gifts/961871642059,56,0,"education (https://app.pinclicks.com/keyword/education/922134410098)
teacher resources (https://app.pinclicks.com/keyword/teacher-resources/920023336761)","custom teacher gifts (https://app.pinclicks.com/keyword/custom-teacher-gifts/937201669155)
homemade teacher gifts christmas (https://app.pinclicks.com/keyword/homemade-teacher-gifts-christmas/899597448925)
christmas presents for teachers (https://app.pinclicks.com/keyword/christmas-presents-for-teachers/960737459597)
teacher christmas gift ideas inexpensive (https://app.pinclicks.com/keyword/teacher-christmas-gift-ideas-inexpensive/937102485986)
inexpensive teacher gifts (https://app.pinclicks.com/keyword/inexpensive-teacher-gifts/953072357622)
christmas present ideas (https://app.pinclicks.com/keyword/christmas-present-ideas/941973636200)
christmas gifts for daycare teachers (https://app.pinclicks.com/keyword/christmas-gifts-for-daycare-teachers/947092232502)
christmas gift ideas for women (https://app.pinclicks.com/keyword/christmas-gift-ideas-for-women/955796645045)
christmas gifts for teachers from kids (https://app.pinclicks.com/keyword/christmas-gifts-for-teachers-from-kids/921327614973)
gift basket ideas for women (https://app.pinclicks.com/keyword/gift-basket-ideas-for-women/959099205788)"
898136029731,"personalized gifts with cricut",https://www.pinterest.com/ideas/personalized-gifts-with-cricut/898136029731,68,0,,
902930145384,"vinyl gifts personalized",https://www.pinterest.com/ideas/vinyl-gifts-personalized/902930145384,68,0,,
960507205135,"personalized camping gifts",https://www.pinterest.com/ideas/personalized-camping-gifts/960507205135,67,0,,
955134724928,"luxury personalized gifts",https://www.pinterest.com/ideas/luxury-personalized-gifts/955134724928,66,0,,
929479757912,"teachers personalized gifts",https://www.pinterest.com/ideas/teachers-personalized-gifts/929479757912,66,0,,
922068957528,"personalized dance gifts",https://www.pinterest.com/ideas/personalized-dance-gifts/922068957528,65,0,,
941984839914,"personalized christian gifts",https://www.pinterest.com/ideas/personalized-christian-gifts/941984839914,65,0,,
942633524619,"personalized fathers day gifts ideas",https://www.pinterest.com/ideas/personalized-fathers-day-gifts-ideas/942633524619,63,0,,
929739636811,"embroidery personalized gifts",https://www.pinterest.com/ideas/embroidery-personalized-gifts/929739636811,63,0,,
948994473069,"personalized xmas gifts",https://www.pinterest.com/ideas/personalized-xmas-gifts/948994473069,62,0,,
919284044970,"personalized work gifts",https://www.pinterest.com/ideas/personalized-work-gifts/919284044970,61,0,,
948275040274,"personalized gifts for nurses",https://www.pinterest.com/ideas/personalized-gifts-for-nurses/948275040274,61,0,,
930884047517,"personalized 21st birthday gifts",https://www.pinterest.com/ideas/personalized-21st-birthday-gifts/930884047517,60,0,,
928758134536,"personalized gifts for women friends",https://www.pinterest.com/ideas/personalized-gifts-for-women-friends/928758134536,60,0,,
919076327150,"couples personalized gifts",https://www.pinterest.com/ideas/couples-personalized-gifts/919076327150,59,0,,
951242390417,"personalized football gifts for players",https://www.pinterest.com/ideas/personalized-football-gifts-for-players/951242390417,59,0,,
935994269186,"personalized laser gifts",https://www.pinterest.com/ideas/personalized-laser-gifts/935994269186,59,0,,
949224755814,"personalized retirement gifts for men",https://www.pinterest.com/ideas/personalized-retirement-gifts-for-men/949224755814,57,0,,
939387379519,"dollar tree personalized gifts",https://www.pinterest.com/ideas/dollar-tree-personalized-gifts/939387379519,56,0,,
945113804818,"cheer personalized gifts",https://www.pinterest.com/ideas/cheer-personalized-gifts/945113804818,54,0,,
905656811598,"personalized wood gifts diy",https://www.pinterest.com/ideas/personalized-wood-gifts-diy/905656811598,54,0,,
899788056542,"personalized handwriting gifts",https://www.pinterest.com/ideas/personalized-handwriting-gifts/899788056542,53,0,,
945887577651,"personalized closing gifts for buyers",https://www.pinterest.com/ideas/personalized-closing-gifts-for-buyers/945887577651,52,0,,
899931919322,"gifts for him personalized",https://www.pinterest.com/ideas/gifts-for-him-personalized/899931919322,51,0,,
935248135080,"personalized recipe gifts",https://www.pinterest.com/ideas/personalized-recipe-gifts/935248135080,50,0,,
912847966526,"personalized christmas gifts cricut",https://www.pinterest.com/ideas/personalized-christmas-gifts-cricut/912847966526,49,0,"event planning (https://app.pinclicks.com/keyword/event-planning/941870572865)
gifts (https://app.pinclicks.com/keyword/gifts/915305016791)
gifts for adults (https://app.pinclicks.com/keyword/gifts-for-adults/898524447846)","christmas cricut projects to sell (https://app.pinclicks.com/keyword/christmas-cricut-projects-to-sell/953756630603)
cricut projects gifts (https://app.pinclicks.com/keyword/cricut-projects-gifts/951517777128)
sublimation gift ideas (https://app.pinclicks.com/keyword/sublimation-gift-ideas/937626274423)
cricut crafts to sell (https://app.pinclicks.com/keyword/cricut-crafts-to-sell/926528834429)
cricut gift ideas christmas (https://app.pinclicks.com/keyword/cricut-gift-ideas-christmas/915095830078)
personalised christmas gifts (https://app.pinclicks.com/keyword/personalised-christmas-gifts/957016345945)
cricut ideas to sell (https://app.pinclicks.com/keyword/cricut-ideas-to-sell/909859572117)
custom christmas gifts (https://app.pinclicks.com/keyword/custom-christmas-gifts/938617271234)
cricut craft ideas (https://app.pinclicks.com/keyword/cricut-craft-ideas/956812430052)
cricut birthday gifts (https://app.pinclicks.com/keyword/cricut-birthday-gifts/933516531447)"
897002076865,"personalized aunt gifts",https://www.pinterest.com/ideas/personalized-aunt-gifts/897002076865,49,0,,
917216903638,"sweet 16 personalized gifts",https://www.pinterest.com/ideas/sweet-16-personalized-gifts/917216903638,47,0,,
935456986549,"personalized vacation gifts",https://www.pinterest.com/ideas/personalized-vacation-gifts/935456986549,47,0,,
911875553930,"personalized gifts for bestie",https://www.pinterest.com/ideas/personalized-gifts-for-bestie/911875553930,47,0,,
914148889319,"personalized grilling gifts",https://www.pinterest.com/ideas/personalized-grilling-gifts/914148889319,46,0,,
934760536623,"personalized disney gifts",https://www.pinterest.com/ideas/personalized-disney-gifts/934760536623,45,0,,
926438188353,"personalized gifts for him romantic",https://www.pinterest.com/ideas/personalized-gifts-for-him-romantic/926438188353,44,0,,
956745407066,"personalized remembrance gifts",https://www.pinterest.com/ideas/personalized-remembrance-gifts/956745407066,36,0,"event planning (https://app.pinclicks.com/keyword/event-planning/941870572865)
gifts (https://app.pinclicks.com/keyword/gifts/915305016791)
gifts for adults (https://app.pinclicks.com/keyword/gifts-for-adults/898524447846)","happy fathers day (https://app.pinclicks.com/keyword/happy-fathers-day/920419909113)
remembering loved ones passed gifts (https://app.pinclicks.com/keyword/remembering-loved-ones-passed-gifts/904080795834)
memorial favors (https://app.pinclicks.com/keyword/memorial-favors/957818544121)
wedding remembrance ideas (https://app.pinclicks.com/keyword/wedding-remembrance-ideas/927027900178)
in loving memory gifts (https://app.pinclicks.com/keyword/in-loving-memory-gifts/903409954728)
money bouquet (https://app.pinclicks.com/keyword/money-bouquet/895019846983)
newborn easter basket (https://app.pinclicks.com/keyword/newborn-easter-basket/947238759514)
sentimental gifts for boyfriend (https://app.pinclicks.com/keyword/sentimental-gifts-for-boyfriend/938673325229)
first day teacher gifts ideas (https://app.pinclicks.com/keyword/first-day-teacher-gifts-ideas/916400506080)
gift basket ideas (https://app.pinclicks.com/keyword/gift-basket-ideas/917487513230)"
933410690916,"personalized 18th birthday gifts",https://www.pinterest.com/ideas/personalized-18th-birthday-gifts/933410690916,43,0,,
895379706042,"3d personalized gifts",https://www.pinterest.com/ideas/3d-personalized-gifts/895379706042,74,0,,"customised gift ideas (https://app.pinclicks.com/keyword/customised-gift-ideas/955467821877)
cute personalized gifts (https://app.pinclicks.com/keyword/cute-personalized-gifts/903617468084)
personalized gift ideas (https://app.pinclicks.com/keyword/personalized-gift-ideas/954461280635)
name day gift ideas (https://app.pinclicks.com/keyword/name-day-gift-ideas/952878302549)
personalised gift ideas (https://app.pinclicks.com/keyword/personalised-gift-ideas/941301036581)
laser cut gift ideas (https://app.pinclicks.com/keyword/laser-cut-gift-ideas/908738971858)
cricut birthday gifts (https://app.pinclicks.com/keyword/cricut-birthday-gifts/933516531447)
customizable gifts (https://app.pinclicks.com/keyword/customizable-gifts/924131508453)
personalized gifts for him (https://app.pinclicks.com/keyword/personalized-gifts-for-him/950058489142)
3d printed gifts (https://app.pinclicks.com/keyword/3d-printed-gifts/897835703951)"
911805754647,"personalized 60th birthday gifts",https://www.pinterest.com/ideas/personalized-60th-birthday-gifts/911805754647,40,0,,
952749975773,"personalized cruise gifts",https://www.pinterest.com/ideas/personalized-cruise-gifts/952749975773,38,0,,
930800772203,"photo personalized gifts",https://www.pinterest.com/ideas/photo-personalized-gifts/930800772203,37,0,,
917380567893,"personalized laser cut gifts",https://www.pinterest.com/ideas/personalized-laser-cut-gifts/917380567893,36,0,,
899355936570,"personalized kids gifts cricut",https://www.pinterest.com/ideas/personalized-kids-gifts-cricut/899355936570,36,0,,
940881120014,"personalized gifts for college students",https://www.pinterest.com/ideas/personalized-gifts-for-college-students/940881120014,36,0,,
904886396424,"personalized sports team gifts",https://www.pinterest.com/ideas/personalized-sports-team-gifts/904886396424,36,0,,
913353929082,"50th birthday personalized gifts",https://www.pinterest.com/ideas/50th-birthday-personalized-gifts/913353929082,36,0,,"diy 50th birthday gifts (https://app.pinclicks.com/keyword/diy-50th-birthday-gifts/956426001197)
unique 50th birthday gifts (https://app.pinclicks.com/keyword/unique-50th-birthday-gifts/942503518789)
50 gifts for 50th birthday for women (https://app.pinclicks.com/keyword/50-gifts-for-50th-birthday-for-women/893993944630)
50th birthday ideas for women gifts (https://app.pinclicks.com/keyword/50th-birthday-ideas-for-women-gifts/895370101989)
50 th birthday gift ideas for women (https://app.pinclicks.com/keyword/50-th-birthday-gift-ideas-for-women/954307158144)
50th birthday favors ideas (https://app.pinclicks.com/keyword/50th-birthday-favors-ideas/935756737918)
50 birthday gift baskets (https://app.pinclicks.com/keyword/50-birthday-gift-baskets/900074857010)
funny 50th birthday ideas (https://app.pinclicks.com/keyword/funny-50th-birthday-ideas/933563647512)
50th bday gifts for women (https://app.pinclicks.com/keyword/50th-bday-gifts-for-women/905711215961)
50th birthday celebration ideas (https://app.pinclicks.com/keyword/50th-birthday-celebration-ideas/942780850457)"
959615611554,"personalized gifts for kids boys",https://www.pinterest.com/ideas/personalized-gifts-for-kids-boys/959615611554,35,0,,
904113091101,"personalized garden gifts",https://www.pinterest.com/ideas/personalized-garden-gifts/904113091101,35,0,,
946161951368,"personalized hunting gifts",https://www.pinterest.com/ideas/personalized-hunting-gifts/946161951368,35,0,,
901777871042,"personalized bestie gifts",https://www.pinterest.com/ideas/personalized-bestie-gifts/901777871042,35,0,,
897058905942,"personalized realtor closing gifts",https://www.pinterest.com/ideas/personalized-realtor-closing-gifts/897058905942,35,0,,
897845937955,"personalized bridal party gifts",https://www.pinterest.com/ideas/personalized-bridal-party-gifts/897845937955,34,0,,
916243019367,"personalized wedding party gifts",https://www.pinterest.com/ideas/personalized-wedding-party-gifts/916243019367,34,0,,
957916139134,"personalized firefighter gifts",https://www.pinterest.com/ideas/personalized-firefighter-gifts/957916139134,34,0,,
897242742018,"personalized gifts for newlyweds",https://www.pinterest.com/ideas/personalized-gifts-for-newlyweds/897242742018,36,0,"weddings (https://app.pinclicks.com/keyword/weddings/903260720461)","personalized wedding gifts for couple (https://app.pinclicks.com/keyword/personalized-wedding-gifts-for-couple/956993464688)
gift ideas for married couples (https://app.pinclicks.com/keyword/gift-ideas-for-married-couples/941360079212)
thoughtful wedding gifts (https://app.pinclicks.com/keyword/thoughtful-wedding-gifts/940049651222)
custom wedding gifts (https://app.pinclicks.com/keyword/custom-wedding-gifts/913289912696)
wedding gifts for guests (https://app.pinclicks.com/keyword/wedding-gifts-for-guests/941087919858)
creative wedding gifts for the couple (https://app.pinclicks.com/keyword/creative-wedding-gifts-for-the-couple/927403527818)
unique wedding gift ideas for couple (https://app.pinclicks.com/keyword/unique-wedding-gift-ideas-for-couple/911302714929)
engagement gift ideas for couples (https://app.pinclicks.com/keyword/engagement-gift-ideas-for-couples/897291838610)
thoughtful engagement gifts (https://app.pinclicks.com/keyword/thoughtful-engagement-gifts/902267391525)
engagement hamper (https://app.pinclicks.com/keyword/engagement-hamper/922974332101)"
922936618810,"personalized food gifts",https://www.pinterest.com/ideas/personalized-food-gifts/922936618810,33,0,,
935421710707,"best personalized baby gifts",https://www.pinterest.com/ideas/best-personalized-baby-gifts/935421710707,32,0,,
931681754038,"personalized thanksgiving gifts",https://www.pinterest.com/ideas/personalized-thanksgiving-gifts/931681754038,32,0,,
903600140557,"volleyball personalized gifts",https://www.pinterest.com/ideas/volleyball-personalized-gifts/903600140557,32,0,,
912633964964,"personalized gifts to make",https://www.pinterest.com/ideas/personalized-gifts-to-make/912633964964,31,0,,
959869310830,"personalized daycare teacher gifts",https://www.pinterest.com/ideas/personalized-daycare-teacher-gifts/959869310830,31,0,,
902194938998,"diy personalized gifts for grandparents",https://www.pinterest.com/ideas/diy-personalized-gifts-for-grandparents/902194938998,32,0,,"handmade gifts for grandparents (https://app.pinclicks.com/keyword/handmade-gifts-for-grandparents/936410026226)
homemade christmas gifts for grandparents (https://app.pinclicks.com/keyword/homemade-christmas-gifts-for-grandparents/949840902616)
homemade gifts for grandparents (https://app.pinclicks.com/keyword/homemade-gifts-for-grandparents/953073645904)
diy presents for grandma (https://app.pinclicks.com/keyword/diy-presents-for-grandma/922578299964)
diy christmas gifts for grandma (https://app.pinclicks.com/keyword/diy-christmas-gifts-for-grandma/930410619250)
homemade gifts for family (https://app.pinclicks.com/keyword/homemade-gifts-for-family/957292297488)
diy christmas gifts for parents (https://app.pinclicks.com/keyword/diy-christmas-gifts-for-parents/959311644602)
diy christmas gifts for family (https://app.pinclicks.com/keyword/diy-christmas-gifts-for-family/911474678629)
diy gift ideas (https://app.pinclicks.com/keyword/diy-gift-ideas/955553037887)
gifts from baby to grandparents (https://app.pinclicks.com/keyword/gifts-from-baby-to-grandparents/906422765606)"
944886941425,"personalized gag gifts",https://www.pinterest.com/ideas/personalized-gag-gifts/944886941425,30,0,,
906623381811,"trendy personalized gifts",https://www.pinterest.com/ideas/trendy-personalized-gifts/906623381811,30,0,,
934225648210,"personalized wedding gifts cricut",https://www.pinterest.com/ideas/personalized-wedding-gifts-cricut/934225648210,29,0,"weddings (https://app.pinclicks.com/keyword/weddings/903260720461)
wedding favors and gifts (https://app.pinclicks.com/keyword/wedding-favors-and-gifts/945051572260)","creative wedding gifts for the couple (https://app.pinclicks.com/keyword/creative-wedding-gifts-for-the-couple/927403527818)
homemade wedding gifts (https://app.pinclicks.com/keyword/homemade-wedding-gifts/941074928228)
cricut wedding gift ideas (https://app.pinclicks.com/keyword/cricut-wedding-gift-ideas/915772176422)
personalised wedding gifts (https://app.pinclicks.com/keyword/personalised-wedding-gifts/909816869396)
personalized wedding ideas (https://app.pinclicks.com/keyword/personalized-wedding-ideas/895827473844)
wedding gift ideas diy (https://app.pinclicks.com/keyword/wedding-gift-ideas-diy/933209519789)
wedding present ideas diy (https://app.pinclicks.com/keyword/wedding-present-ideas-diy/901138277300)
personalized wedding gifts for couple (https://app.pinclicks.com/keyword/personalized-wedding-gifts-for-couple/956993464688)
wedding presents for guests (https://app.pinclicks.com/keyword/wedding-presents-for-guests/911471432996)
newlywed gifts (https://app.pinclicks.com/keyword/newlywed-gifts/934109073244)"
920870499264,"girls personalized gifts",https://www.pinterest.com/ideas/girls-personalized-gifts/920870499264,29,0,,
918116734312,"personalized christmas gifts for him",https://www.pinterest.com/ideas/personalized-christmas-gifts-for-him/918116734312,28,0,,
920051294944,"aesthetic personalized gifts",https://www.pinterest.com/ideas/aesthetic-personalized-gifts/920051294944,28,0,,
932708472909,"personalized craft gifts",https://www.pinterest.com/ideas/personalized-craft-gifts/932708472909,28,0,,
893750563847,"personalized car gifts",https://www.pinterest.com/ideas/personalized-car-gifts/893750563847,22,0,"vehicles (https://app.pinclicks.com/keyword/vehicles/918093243960)","car present (https://app.pinclicks.com/keyword/car-present/913244118818)
gift for car lover (https://app.pinclicks.com/keyword/gift-for-car-lover/935727477725)
surprise car gift ideas (https://app.pinclicks.com/keyword/surprise-car-gift-ideas/909234690169)
personalised gift ideas (https://app.pinclicks.com/keyword/personalised-gift-ideas/941301036581)
car keys keychain ideas (https://app.pinclicks.com/keyword/car-keys-keychain-ideas/904839813527)
new car gift basket (https://app.pinclicks.com/keyword/new-car-gift-basket/897559549076)
car seat cover (https://app.pinclicks.com/keyword/car-seat-cover/960913858623)
customised gifts for him (https://app.pinclicks.com/keyword/customised-gifts-for-him/935828566100)
new car accessories (https://app.pinclicks.com/keyword/new-car-accessories/952965626485)
truck gifts (https://app.pinclicks.com/keyword/truck-gifts/949398365041)"
903587171123,"personalized church gifts",https://www.pinterest.com/ideas/personalized-church-gifts/903587171123,28,0,,
935010185643,"homemade personalized christmas gifts",https://www.pinterest.com/ideas/homemade-personalized-christmas-gifts/935010185643,28,0,,
931610212084,"personalized bbq gifts",https://www.pinterest.com/ideas/personalized-bbq-gifts/931610212084,27,0,,
936231530639,"personalized gifts for children",https://www.pinterest.com/ideas/personalized-gifts-for-children/936231530639,27,0,,
906567048079,"personalized christmas gifts for teachers",https://www.pinterest.com/ideas/personalized-christmas-gifts-for-teachers/906567048079,27,0,,
893479671231,"diy personalized anniversary gifts",https://www.pinterest.com/ideas/diy-personalized-anniversary-gifts/893479671231,26,0,"diy and crafts (https://app.pinclicks.com/keyword/diy-and-crafts/934876475639)
diy event (https://app.pinclicks.com/keyword/diy-event/922120925682)
diy gifts (https://app.pinclicks.com/keyword/diy-gifts/952116175576)","homemade anniversary gifts for him (https://app.pinclicks.com/keyword/homemade-anniversary-gifts-for-him/920303943750)
creative anniversary gift ideas for him (https://app.pinclicks.com/keyword/creative-anniversary-gift-ideas-for-him/944364466868)
unique anniversary gifts (https://app.pinclicks.com/keyword/unique-anniversary-gifts/923538345863)
cute anniversary gifts for him diy (https://app.pinclicks.com/keyword/cute-anniversary-gifts-for-him-diy/914860233342)
anniversary craft ideas (https://app.pinclicks.com/keyword/anniversary-craft-ideas/913315277200)
best anniversary gifts (https://app.pinclicks.com/keyword/best-anniversary-gifts/893701424742)
anniversary gifts for her ideas (https://app.pinclicks.com/keyword/anniversary-gifts-for-her-ideas/914739131104)
marriage anniversary gift ideas (https://app.pinclicks.com/keyword/marriage-anniversary-gift-ideas/932089291480)
diy anniversary gifts for her (https://app.pinclicks.com/keyword/diy-anniversary-gifts-for-her/959574185789)
anniversary gift ideas for him craft (https://app.pinclicks.com/keyword/anniversary-gift-ideas-for-him-craft/947776858606)"
956907639506,"holiday personalized gifts",https://www.pinterest.com/ideas/holiday-personalized-gifts/956907639506,26,0,,
948030256620,"personalized dog mom gifts",https://www.pinterest.com/ideas/personalized-dog-mom-gifts/948030256620,25,0,,
961950812202,"personalized music gifts",https://www.pinterest.com/ideas/personalized-music-gifts/961950812202,28,0,,"unique photo gifts (https://app.pinclicks.com/keyword/unique-photo-gifts/931128914393)
dollar tree fathers day gift ideas (https://app.pinclicks.com/keyword/dollar-tree-fathers-day-gift-ideas/956139753017)
gift ideas for music lovers (https://app.pinclicks.com/keyword/gift-ideas-for-music-lovers/894165965168)
playlist gift (https://app.pinclicks.com/keyword/playlist-gift/941858821265)
thank you card (https://app.pinclicks.com/keyword/thank-you-card/903747994967)
ethereal wedding ring (https://app.pinclicks.com/keyword/ethereal-wedding-ring/944553410346)
playlist gift ideas (https://app.pinclicks.com/keyword/playlist-gift-ideas/955395652418)
music lovers wedding (https://app.pinclicks.com/keyword/music-lovers-wedding/952364313995)
unique wedding favors for guests (https://app.pinclicks.com/keyword/unique-wedding-favors-for-guests/912624437457)"
934830864071,"personalized fall gifts",https://www.pinterest.com/ideas/personalized-fall-gifts/934830864071,25,0,,
910023721082,"personalized baseball coach gifts",https://www.pinterest.com/ideas/personalized-baseball-coach-gifts/910023721082,24,0,,
923009506668,"personalized spa gifts",https://www.pinterest.com/ideas/personalized-spa-gifts/923009506668,24,0,,
917203439533,"friends personalized gifts",https://www.pinterest.com/ideas/friends-personalized-gifts/917203439533,24,0,,
907042025776,"personalized cricut christmas gifts",https://www.pinterest.com/ideas/personalized-cricut-christmas-gifts/907042025776,24,0,,
901494726251,"meaningful personalized gifts",https://www.pinterest.com/ideas/meaningful-personalized-gifts/901494726251,22,0,,
904731874849,"personalized sorority gifts",https://www.pinterest.com/ideas/personalized-sorority-gifts/904731874849,22,0,,
904741879040,"affordable personalized gifts",https://www.pinterest.com/ideas/affordable-personalized-gifts/904741879040,21,0,,
953444825271,"funny personalized photo gifts",https://www.pinterest.com/ideas/funny-personalized-photo-gifts/953444825271,21,0,,
895651403772,"personalized flower girl gifts",https://www.pinterest.com/ideas/personalized-flower-girl-gifts/895651403772,23,0,"event planning (https://app.pinclicks.com/keyword/event-planning/941870572865)
gifts (https://app.pinclicks.com/keyword/gifts/915305016791)
gifts ideas (https://app.pinclicks.com/keyword/gifts-ideas/901940346147)","daughter flower girl (https://app.pinclicks.com/keyword/daughter-flower-girl/921669678514)
flower girl bracelet (https://app.pinclicks.com/keyword/flower-girl-bracelet/953211936386)
ring bearer gift ideas (https://app.pinclicks.com/keyword/ring-bearer-gift-ideas/933996768432)
flower girls names (https://app.pinclicks.com/keyword/flower-girls-names/912221119642)
gift for ring bearer (https://app.pinclicks.com/keyword/gift-for-ring-bearer/904758419718)
toddler flower girl accessories (https://app.pinclicks.com/keyword/toddler-flower-girl-accessories/893805569750)
adult flower girl basket (https://app.pinclicks.com/keyword/adult-flower-girl-basket/928495162988)
girl ring bearer ideas (https://app.pinclicks.com/keyword/girl-ring-bearer-ideas/941212506775)"
955912968027,"personalized basketball gifts for boys",https://www.pinterest.com/ideas/personalized-basketball-gifts-for-boys/955912968027,21,0,,
911876884922,"personalized plant gifts",https://www.pinterest.com/ideas/personalized-plant-gifts/911876884922,21,0,,
932028696863,"personalized equestrian gifts",https://www.pinterest.com/ideas/personalized-equestrian-gifts/932028696863,20,0,,
936064190091,"bridal party personalized gifts",https://www.pinterest.com/ideas/bridal-party-personalized-gifts/936064190091,20,0,,
951019071245,"personalized gifts for new mom",https://www.pinterest.com/ideas/personalized-gifts-for-new-mom/951019071245,19,0,,
938739220134,"personalized watercolor gifts",https://www.pinterest.com/ideas/personalized-watercolor-gifts/938739220134,19,0,,
938224229621,"friendship personalized gifts",https://www.pinterest.com/ideas/friendship-personalized-gifts/938224229621,19,0,,
901286740904,"personalized employee appreciation gifts",https://www.pinterest.com/ideas/personalized-employee-appreciation-gifts/901286740904,19,0,,
951891278102,"personalized harley davidson gifts",https://www.pinterest.com/ideas/personalized-harley-davidson-gifts/951891278102,19,0,,
925732340176,"memorial picture frame personalized unique gifts",https://www.pinterest.com/ideas/memorial-picture-frame-personalized-unique-gifts/925732340176,19,0,,
927191503148,"personalized bar gifts",https://www.pinterest.com/ideas/personalized-bar-gifts/927191503148,19,0,,
928096161174,"personalized crystal gifts",https://www.pinterest.com/ideas/personalized-crystal-gifts/928096161174,18,0,,
893779985657,"personalized gamer gifts",https://www.pinterest.com/ideas/personalized-gamer-gifts/893779985657,9,0,"diy and crafts (https://app.pinclicks.com/keyword/diy-and-crafts/934876475639)
diy event (https://app.pinclicks.com/keyword/diy-event/922120925682)
diy gifts (https://app.pinclicks.com/keyword/diy-gifts/952116175576)","xbox gifts (https://app.pinclicks.com/keyword/xbox-gifts/939220378526)
mother's day crafts for kids (https://app.pinclicks.com/keyword/mothers-day-crafts-for-kids/899357465642)
easter gift ideas (https://app.pinclicks.com/keyword/easter-gift-ideas/949482627294)
bookmark ideas (https://app.pinclicks.com/keyword/bookmark-ideas/956734423081)
cute gift ideas (https://app.pinclicks.com/keyword/cute-gift-ideas/928364135088)
personalized gifts for him (https://app.pinclicks.com/keyword/personalized-gifts-for-him/950058489142)
easter games (https://app.pinclicks.com/keyword/easter-games/930412285517)
candy gifts diy (https://app.pinclicks.com/keyword/candy-gifts-diy/936950444012)
open house gifts for students (https://app.pinclicks.com/keyword/open-house-gifts-for-students/914476205432)
gamer gifts for him (https://app.pinclicks.com/keyword/gamer-gifts-for-him/910352419493)"
923267610947,"personalized birthday gifts for husband",https://www.pinterest.com/ideas/personalized-birthday-gifts-for-husband/923267610947,17,0,,
939749407997,"personalized gaming gifts",https://www.pinterest.com/ideas/personalized-gaming-gifts/939749407997,17,0,"diy and crafts (https://app.pinclicks.com/keyword/diy-and-crafts/934876475639)
diy event (https://app.pinclicks.com/keyword/diy-event/922120925682)
diy gifts (https://app.pinclicks.com/keyword/diy-gifts/952116175576)","diy gamer decor (https://app.pinclicks.com/keyword/diy-gamer-decor/959943826126)
diy gifts for gamers (https://app.pinclicks.com/keyword/diy-gifts-for-gamers/942380222706)
gamer tags ideas (https://app.pinclicks.com/keyword/gamer-tags-ideas/914303872739)
stocking stuffer ideas (https://app.pinclicks.com/keyword/stocking-stuffer-ideas/920052235367)
crochet gift ideas (https://app.pinclicks.com/keyword/crochet-gift-ideas/916550013788)
stocking stuffers for kids (https://app.pinclicks.com/keyword/stocking-stuffers-for-kids/908890321870)
diy gift set (https://app.pinclicks.com/keyword/diy-gift-set/950815714582)"
948972362320,"personalized gifts for adults",https://www.pinterest.com/ideas/personalized-gifts-for-adults/948972362320,16,0,"diy and crafts (https://app.pinclicks.com/keyword/diy-and-crafts/934876475639)
diy event (https://app.pinclicks.com/keyword/diy-event/922120925682)
diy gifts (https://app.pinclicks.com/keyword/diy-gifts/952116175576)","personalized birthday gifts (https://app.pinclicks.com/keyword/personalized-birthday-gifts/921799133361)
unisex gift ideas for adults (https://app.pinclicks.com/keyword/unisex-gift-ideas-for-adults/933747658554)
personal gift ideas (https://app.pinclicks.com/keyword/personal-gift-ideas/940614352695)
personalized gift ideas (https://app.pinclicks.com/keyword/personalized-gift-ideas/954461280635)
customised gift ideas (https://app.pinclicks.com/keyword/customised-gift-ideas/955467821877)
custom christmas gifts (https://app.pinclicks.com/keyword/custom-christmas-gifts/938617271234)
sentimental gifts for boyfriend (https://app.pinclicks.com/keyword/sentimental-gifts-for-boyfriend/938673325229)
unique gift ideas for women (https://app.pinclicks.com/keyword/unique-gift-ideas-for-women/908922224703)
useful gift ideas for women (https://app.pinclicks.com/keyword/useful-gift-ideas-for-women/931119667632)
customized gift ideas (https://app.pinclicks.com/keyword/customized-gift-ideas/957141406249)"
930464711267,"personalized girls weekend gifts",https://www.pinterest.com/ideas/personalized-girls-weekend-gifts/930464711267,16,0,,
898338936116,"unique personalized baby girl gifts",https://www.pinterest.com/ideas/unique-personalized-baby-girl-gifts/898338936116,16,0,,
939052654201,"diy personalized photo gifts",https://www.pinterest.com/ideas/diy-personalized-photo-gifts/939052654201,16,0,,
901017609695,"sentimental personalized gifts",https://www.pinterest.com/ideas/sentimental-personalized-gifts/901017609695,16,0,,
909899146119,"personalized gifts for book lovers",https://www.pinterest.com/ideas/personalized-gifts-for-book-lovers/909899146119,16,0,,
937395581221,"personalized wooden wedding gifts",https://www.pinterest.com/ideas/personalized-wooden-wedding-gifts/937395581221,15,0,,
952124042090,"personalized vinyl record gifts",https://www.pinterest.com/ideas/personalized-vinyl-record-gifts/952124042090,15,0,,"vinyl record crafts diy (https://app.pinclicks.com/keyword/vinyl-record-crafts-diy/952383471240)
vinyl record painting ideas (https://app.pinclicks.com/keyword/vinyl-record-painting-ideas/927993994882)
record centerpieces ideas (https://app.pinclicks.com/keyword/record-centerpieces-ideas/894274939577)
concert shadow box ideas (https://app.pinclicks.com/keyword/concert-shadow-box-ideas/949688036936)
record player craft (https://app.pinclicks.com/keyword/record-player-craft/945835460622)
vinyl record store (https://app.pinclicks.com/keyword/vinyl-record-store/894549094827)
gift design (https://app.pinclicks.com/keyword/gift-design/960345865474)
sticker ideas (https://app.pinclicks.com/keyword/sticker-ideas/901839155083)
vinyl record projects (https://app.pinclicks.com/keyword/vinyl-record-projects/901370145975)
vinyl record design (https://app.pinclicks.com/keyword/vinyl-record-design/953118114121)"
893684063798,"personalized pregnancy gifts",https://www.pinterest.com/ideas/personalized-pregnancy-gifts/893684063798,17,0,,"welcome baby (https://app.pinclicks.com/keyword/welcome-baby/900243208849)
baby shower outfits for mom (https://app.pinclicks.com/keyword/baby-shower-outfits-for-mom/914997573915)
baby milestones (https://app.pinclicks.com/keyword/baby-milestones/953429678515)
breastfeeding mom (https://app.pinclicks.com/keyword/breastfeeding-mom/931214305679)
getting ready (https://app.pinclicks.com/keyword/getting-ready/952795683378)
mommy gifts for new moms (https://app.pinclicks.com/keyword/mommy-gifts-for-new-moms/934157276820)
baby reveal ideas (https://app.pinclicks.com/keyword/baby-reveal-ideas/901348016712)
birth certificate (https://app.pinclicks.com/keyword/birth-certificate/954347394155)
birth gifts for mom (https://app.pinclicks.com/keyword/birth-gifts-for-mom/914973299313)
maternity gifts (https://app.pinclicks.com/keyword/maternity-gifts/923146857116)"
898879869084,"personalized gifts for car lovers",https://www.pinterest.com/ideas/personalized-gifts-for-car-lovers/898879869084,14,0,,
928704600828,"inexpensive personalized gifts",https://www.pinterest.com/ideas/inexpensive-personalized-gifts/928704600828,14,0,,
906117207832,"personalized military gifts",https://www.pinterest.com/ideas/personalized-military-gifts/906117207832,14,0,,
902999382239,"personalized music teacher gifts",https://www.pinterest.com/ideas/personalized-music-teacher-gifts/902999382239,13,0,,
895184090685,"personalized bourbon gifts",https://www.pinterest.com/ideas/personalized-bourbon-gifts/895184090685,8,0,,"personalized whiskey glasses (https://app.pinclicks.com/keyword/personalized-whiskey-glasses/914169702974)
wine red wallpaper (https://app.pinclicks.com/keyword/wine-red-wallpaper/922199578777)
glass of wine (https://app.pinclicks.com/keyword/glass-of-wine/896670869340)
kentucky derby party food (https://app.pinclicks.com/keyword/kentucky-derby-party-food/954448294584)
jack daniels (https://app.pinclicks.com/keyword/jack-daniels/899887799535)
whiskey aesthetic (https://app.pinclicks.com/keyword/whiskey-aesthetic/961270740012)
diy mothers day gifts (https://app.pinclicks.com/keyword/diy-mothers-day-gifts/944615360500)
wine tasting (https://app.pinclicks.com/keyword/wine-tasting/932859309363)
easy diy gifts (https://app.pinclicks.com/keyword/easy-diy-gifts/943088239761)
wine bar (https://app.pinclicks.com/keyword/wine-bar/901206872871)"
893666163826,"personalized lacrosse gifts",https://www.pinterest.com/ideas/personalized-lacrosse-gifts/893666163826,12,0,"sports (https://app.pinclicks.com/keyword/sports/919812032692)","lacrosse quotes (https://app.pinclicks.com/keyword/lacrosse-quotes/954017129998)
senior baseball gift ideas (https://app.pinclicks.com/keyword/senior-baseball-gift-ideas/896940234368)
lacrosse party (https://app.pinclicks.com/keyword/lacrosse-party/936611407455)
lacrosse game outfit (https://app.pinclicks.com/keyword/lacrosse-game-outfit/899532063901)
lacrosse photoshoot (https://app.pinclicks.com/keyword/lacrosse-photoshoot/898764052936)
lacrosse senior night ideas (https://app.pinclicks.com/keyword/lacrosse-senior-night-ideas/943243142616)
lacrosse posters for games (https://app.pinclicks.com/keyword/lacrosse-posters-for-games/927596629997)
sports banquet ideas (https://app.pinclicks.com/keyword/sports-banquet-ideas/899345603575)"
897461136699,"personalized mug gifts",https://www.pinterest.com/ideas/personalized-mug-gifts/897461136699,13,0,,
913016489094,"personalized 25th anniversary gifts",https://www.pinterest.com/ideas/personalized-25th-anniversary-gifts/913016489094,13,0,,
928921086152,"personalized dog photo gifts",https://www.pinterest.com/ideas/personalized-dog-photo-gifts/928921086152,13,0,,
899023207393,"personalized picture gifts for men",https://www.pinterest.com/ideas/personalized-picture-gifts-for-men/899023207393,12,0,,
925822395413,"harry potter personalized gifts",https://www.pinterest.com/ideas/harry-potter-personalized-gifts/925822395413,12,0,,
945834415530,"personalized gifts for coffee lovers",https://www.pinterest.com/ideas/personalized-gifts-for-coffee-lovers/945834415530,12,0,,
933493849860,"personalized christmas gifts for husband",https://www.pinterest.com/ideas/personalized-christmas-gifts-for-husband/933493849860,12,0,,
925876191114,"personalized hiking gifts",https://www.pinterest.com/ideas/personalized-hiking-gifts/925876191114,12,0,,
928889652925,"personalized christening gifts",https://www.pinterest.com/ideas/personalized-christening-gifts/928889652925,12,0,,
953045648667,"personalized kindergarten graduation gifts",https://www.pinterest.com/ideas/personalized-kindergarten-graduation-gifts/953045648667,12,0,"education (https://app.pinclicks.com/keyword/education/922134410098)
teacher resources (https://app.pinclicks.com/keyword/teacher-resources/920023336761)","kindergarten graduation ideas party (https://app.pinclicks.com/keyword/kindergarten-graduation-ideas-party/919175822934)
pre k graduation gifts (https://app.pinclicks.com/keyword/pre-k-graduation-gifts/898119289166)
preschool graduation ideas gifts (https://app.pinclicks.com/keyword/preschool-graduation-ideas-gifts/935316762474)
teacher appreciation cards from kids (https://app.pinclicks.com/keyword/teacher-appreciation-cards-from-kids/930687933469)
grad songs (https://app.pinclicks.com/keyword/grad-songs/893827993066)
kids graduation gifts (https://app.pinclicks.com/keyword/kids-graduation-gifts/926910830125)
kindergarten graduation bouquet (https://app.pinclicks.com/keyword/kindergarten-graduation-bouquet/904071336303)
kindergarten graduation ideas gifts (https://app.pinclicks.com/keyword/kindergarten-graduation-ideas-gifts/944042848719)
elementary graduation gifts (https://app.pinclicks.com/keyword/elementary-graduation-gifts/958540057034)"
932479284493,"personalized gifts for cat lovers",https://www.pinterest.com/ideas/personalized-gifts-for-cat-lovers/932479284493,11,0,,
939962661573,"personalized alcohol gifts",https://www.pinterest.com/ideas/personalized-alcohol-gifts/939962661573,11,0,,"simple bridesmaid proposal (https://app.pinclicks.com/keyword/simple-bridesmaid-proposal/957807640298)
bridesmaid proposal gifts (https://app.pinclicks.com/keyword/bridesmaid-proposal-gifts/894529028807)
bridesmaid gift ideas (https://app.pinclicks.com/keyword/bridesmaid-gift-ideas/909407060928)
bridal party gifts (https://app.pinclicks.com/keyword/bridal-party-gifts/907909316002)
bridesmaid proposal box ideas (https://app.pinclicks.com/keyword/bridesmaid-proposal-box-ideas/939561514786)
bridal gift box (https://app.pinclicks.com/keyword/bridal-gift-box/943018808421)
will you be my bridesmaid gifts (https://app.pinclicks.com/keyword/will-you-be-my-bridesmaid-gifts/926030051463)
unique bridesmaid proposal (https://app.pinclicks.com/keyword/unique-bridesmaid-proposal/937550421702)
bachelorette gift bags (https://app.pinclicks.com/keyword/bachelorette-gift-bags/897778335710)
bridesmaid gift boxes (https://app.pinclicks.com/keyword/bridesmaid-gift-boxes/912571600568)"
929621600353,"glowforge personalized gifts",https://www.pinterest.com/ideas/glowforge-personalized-gifts/929621600353,11,0,,
943982957133,"personalized christmas gifts for women",https://www.pinterest.com/ideas/personalized-christmas-gifts-for-women/943982957133,11,0,"event planning (https://app.pinclicks.com/keyword/event-planning/941870572865)
gifts (https://app.pinclicks.com/keyword/gifts/915305016791)
gifts ideas (https://app.pinclicks.com/keyword/gifts-ideas/901940346147)","personalised christmas gifts (https://app.pinclicks.com/keyword/personalised-christmas-gifts/957016345945)
xmas gift ideas for women (https://app.pinclicks.com/keyword/xmas-gift-ideas-for-women/959016359118)
small christmas gift ideas (https://app.pinclicks.com/keyword/small-christmas-gift-ideas/918656202476)
christmas gifts for adults (https://app.pinclicks.com/keyword/christmas-gifts-for-adults/906549657825)
thoughtful christmas gifts (https://app.pinclicks.com/keyword/thoughtful-christmas-gifts/936640170446)
christmas present ideas for women (https://app.pinclicks.com/keyword/christmas-present-ideas-for-women/895315757433)
practical gift ideas for women (https://app.pinclicks.com/keyword/practical-gift-ideas-for-women/903836795034)
personalized gift ideas (https://app.pinclicks.com/keyword/personalized-gift-ideas/954461280635)
making a gift basket (https://app.pinclicks.com/keyword/making-a-gift-basket/903819976348)
custom christmas gifts (https://app.pinclicks.com/keyword/custom-christmas-gifts/938617271234)"
926539672544,"personalized astrology gifts",https://www.pinterest.com/ideas/personalized-astrology-gifts/926539672544,10,0,,
899266671534,"personalized gifts for mom and dad",https://www.pinterest.com/ideas/personalized-gifts-for-mom-and-dad/899266671534,10,0,,
928130804232,"personalized photo gifts for dad",https://www.pinterest.com/ideas/personalized-photo-gifts-for-dad/928130804232,10,0,,
926857608125,"star wars personalized gifts",https://www.pinterest.com/ideas/star-wars-personalized-gifts/926857608125,9,0,,"cup holder gift idea (https://app.pinclicks.com/keyword/cup-holder-gift-idea/943071920871)
personalized gifts for kids (https://app.pinclicks.com/keyword/personalized-gifts-for-kids/926832805196)
star wars decorations (https://app.pinclicks.com/keyword/star-wars-decorations/949121410302)
personalised gift ideas (https://app.pinclicks.com/keyword/personalised-gift-ideas/941301036581)
star wars gift ideas (https://app.pinclicks.com/keyword/star-wars-gift-ideas/909869901171)"
901253424181,"personalized aka gifts",https://www.pinterest.com/ideas/personalized-aka-gifts/901253424181,9,0,,"aka first day out outfits (https://app.pinclicks.com/keyword/aka-first-day-out-outfits/931826698966)
aka homecoming outfits (https://app.pinclicks.com/keyword/aka-homecoming-outfits/940140047129)
aka probate outfits (https://app.pinclicks.com/keyword/aka-probate-outfits/942831595364)
aka founders day outfit (https://app.pinclicks.com/keyword/aka-founders-day-outfit/916334187902)
sorority crafts (https://app.pinclicks.com/keyword/sorority-crafts/910448012047)
aka sorority outfits (https://app.pinclicks.com/keyword/aka-sorority-outfits/897174879291)
aka sorority pictures (https://app.pinclicks.com/keyword/aka-sorority-pictures/931240467459)
delta sigma theta crossing gifts (https://app.pinclicks.com/keyword/delta-sigma-theta-crossing-gifts/913302879921)
aka sorority gifts (https://app.pinclicks.com/keyword/aka-sorority-gifts/923868910499)
little baskets sorority ideas (https://app.pinclicks.com/keyword/little-baskets-sorority-ideas/961786616592)"
928441172863,"personalized valentine gifts for him",https://www.pinterest.com/ideas/personalized-valentine-gifts-for-him/928441172863,9,0,,
906962844373,"personalized bartender gifts",https://www.pinterest.com/ideas/personalized-bartender-gifts/906962844373,9,0,,
920059252907,"personalized retirement gifts for teachers",https://www.pinterest.com/ideas/personalized-retirement-gifts-for-teachers/920059252907,9,0,,
918566145399,"unique personalized gifts for her",https://www.pinterest.com/ideas/unique-personalized-gifts-for-her/918566145399,8,0,,
950217145738,"personalized camper gifts",https://www.pinterest.com/ideas/personalized-camper-gifts/950217145738,8,0,,
951005500447,"personalized love gifts",https://www.pinterest.com/ideas/personalized-love-gifts/951005500447,8,0,,
926488257840,"personalized mother daughter gifts",https://www.pinterest.com/ideas/personalized-mother-daughter-gifts/926488257840,8,0,,
932172963823,"personalized fitness gifts",https://www.pinterest.com/ideas/personalized-fitness-gifts/932172963823,8,0,,
952250344936,"personalized anime gifts",https://www.pinterest.com/ideas/personalized-anime-gifts/952250344936,8,0,,
916239965981,"personalized cookie gifts",https://www.pinterest.com/ideas/personalized-cookie-gifts/916239965981,8,0,"diy and crafts (https://app.pinclicks.com/keyword/diy-and-crafts/934876475639)
diy event (https://app.pinclicks.com/keyword/diy-event/922120925682)
diy gifts (https://app.pinclicks.com/keyword/diy-gifts/952116175576)","cookie gift packaging diy (https://app.pinclicks.com/keyword/cookie-gift-packaging-diy/902114521148)
grandparent christmas gift ideas (https://app.pinclicks.com/keyword/grandparent-christmas-gift-ideas/920968017710)
present cookies decorated (https://app.pinclicks.com/keyword/present-cookies-decorated/916882398664)
thank you cookies decorated (https://app.pinclicks.com/keyword/thank-you-cookies-decorated/901643034375)
christmas small gift ideas (https://app.pinclicks.com/keyword/christmas-small-gift-ideas/937887292263)
hostess gift ideas christmas (https://app.pinclicks.com/keyword/hostess-gift-ideas-christmas/894030838562)
how to package cookies for gifts (https://app.pinclicks.com/keyword/how-to-package-cookies-for-gifts/903509572746)
homemade christmas gifts for mom (https://app.pinclicks.com/keyword/homemade-christmas-gifts-for-mom/895823867902)
christmas favors ideas (https://app.pinclicks.com/keyword/christmas-favors-ideas/940543628474)
christmas cookies gift packaging (https://app.pinclicks.com/keyword/christmas-cookies-gift-packaging/949711602650)"
937625602970,"personalized bus driver gifts",https://www.pinterest.com/ideas/personalized-bus-driver-gifts/937625602970,7,0,,
909978251375,"end of year personalized gifts for students",https://www.pinterest.com/ideas/end-of-year-personalized-gifts-for-students/909978251375,7,0,,
923324002522,"personalized 70th birthday gifts",https://www.pinterest.com/ideas/personalized-70th-birthday-gifts/923324002522,7,0,,
903250752095,"personalized romantic gifts",https://www.pinterest.com/ideas/personalized-romantic-gifts/903250752095,7,0,,
910659595681,"personalized gifts for friends birthday",https://www.pinterest.com/ideas/personalized-gifts-for-friends-birthday/910659595681,17,0,"event planning (https://app.pinclicks.com/keyword/event-planning/941870572865)
gifts (https://app.pinclicks.com/keyword/gifts/915305016791)
gifts ideas (https://app.pinclicks.com/keyword/gifts-ideas/901940346147)","unique birthday gifts for bestie (https://app.pinclicks.com/keyword/unique-birthday-gifts-for-bestie/917406069707)
gifts for her (https://app.pinclicks.com/keyword/gifts-for-her/934368030403)
memorable gifts for best friends (https://app.pinclicks.com/keyword/memorable-gifts-for-best-friends/947558986118)
creative birthday gifts for best friend (https://app.pinclicks.com/keyword/creative-birthday-gifts-for-best-friend/938982178928)
small birthday gifts for friends (https://app.pinclicks.com/keyword/small-birthday-gifts-for-friends/894456107165)
cute gifts for best friends birthday (https://app.pinclicks.com/keyword/cute-gifts-for-best-friends-birthday/934993084532)
thoughtful birthday gifts for friends (https://app.pinclicks.com/keyword/thoughtful-birthday-gifts-for-friends/938920431598)
unique best friend birthday gift ideas (https://app.pinclicks.com/keyword/unique-best-friend-birthday-gift-ideas/909057090667)
gifts for best friends birthday to buy (https://app.pinclicks.com/keyword/gifts-for-best-friends-birthday-to-buy/944010195810)
meaningful gifts for friends (https://app.pinclicks.com/keyword/meaningful-gifts-for-friends/908771264693)"
933945798815,"personalized adoption gifts",https://www.pinterest.com/ideas/personalized-adoption-gifts/933945798815,7,0,,
906867725151,"personalized flower gifts",https://www.pinterest.com/ideas/personalized-flower-gifts/906867725151,7,0,,
924861447993,"diy personalized holiday gifts",https://www.pinterest.com/ideas/diy-personalized-holiday-gifts/924861447993,6,0,,
926277599815,"personalized easter gifts for adults",https://www.pinterest.com/ideas/personalized-easter-gifts-for-adults/926277599815,5,0,,
936339802368,"personalized word art gifts",https://www.pinterest.com/ideas/personalized-word-art-gifts/936339802368,5,0,,
929880313708,"personalized spice jar gifts",https://www.pinterest.com/ideas/personalized-spice-jar-gifts/929880313708,0,0,,"diy spice label design (https://app.pinclicks.com/keyword/diy-spice-label-design/918475595266)
blank spice jar labels (https://app.pinclicks.com/keyword/blank-spice-jar-labels/910742356366)
glass spice bottles with labels (https://app.pinclicks.com/keyword/glass-spice-bottles-with-labels/909479110422)
glass spice jars with labels and lids (https://app.pinclicks.com/keyword/glass-spice-jars-with-labels-and-lids/917365708542)
diy spice jar decoration (https://app.pinclicks.com/keyword/diy-spice-jar-decoration/902268969639)
plastic spice jars with labels (https://app.pinclicks.com/keyword/plastic-spice-jars-with-labels/909328422136)
spice gift basket (https://app.pinclicks.com/keyword/spice-gift-basket/941998109422)
gourmet spice jar design (https://app.pinclicks.com/keyword/gourmet-spice-jar-design/916055957203)
walmart spice jar labels (https://app.pinclicks.com/keyword/walmart-spice-jar-labels/911832529496)
cute spice jars (https://app.pinclicks.com/keyword/cute-spice-jars/955068858615)"
913204714571,"baby girl personalized gifts",https://www.pinterest.com/ideas/baby-girl-personalized-gifts/913204714571,0,0,,
916142204543,"personalized teacher gifts christmas",https://www.pinterest.com/ideas/personalized-teacher-gifts-christmas/916142204543,0,0,,
918029742963,"resin personalized gifts",https://www.pinterest.com/ideas/resin-personalized-gifts/918029742963,0,0,,
899077410251,"personalized newborn gifts",https://www.pinterest.com/ideas/personalized-newborn-gifts/899077410251,0,0,,
899924353030,"mother’s day personalized gifts",https://www.pinterest.com/ideas/mothers-day-personalized-gifts/899924353030,0,0,,
900328019545,"personalized gifts",https://www.pinterest.com/ideas/personalized-gifts/900328019545,0,0,,
907114067498,"nurse personalized gifts",https://www.pinterest.com/ideas/nurse-personalized-gifts/907114067498,0,0,,
897312144066,"family personalized gifts",https://www.pinterest.com/ideas/family-personalized-gifts/897312144066,0,0,,
946146535352,"mothers day personalized gifts",https://www.pinterest.com/ideas/mothers-day-personalized-gifts/946146535352,0,0,,
927849333514,"personalized gifts throw pillows",https://www.pinterest.com/ideas/personalized-gifts-throw-pillows/927849333514,0,0,,
957586783398,"personalized baby gifts girl",https://www.pinterest.com/ideas/personalized-baby-gifts-girl/957586783398,0,0,,
958240948823,"boyfriend personalized gifts",https://www.pinterest.com/ideas/boyfriend-personalized-gifts/958240948823,0,0,,
959717164339,"personalized embroidery gifts",https://www.pinterest.com/ideas/personalized-embroidery-gifts/959717164339,0,0,,
959940543995,"grandma personalized gifts",https://www.pinterest.com/ideas/grandma-personalized-gifts/959940543995,0,0,,
961127314198,"wedding gifts personalized",https://www.pinterest.com/ideas/wedding-gifts-personalized/961127314198,0,0,,
921675687221,"best friend personalized gifts",https://www.pinterest.com/ideas/best-friend-personalized-gifts/921675687221,0,0,,
954817641304,"personalized groomsmen gifts",https://www.pinterest.com/ideas/personalized-groomsmen-gifts/954817641304,0,0,,
954981276445,"kids personalized christmas gifts",https://www.pinterest.com/ideas/kids-personalized-christmas-gifts/954981276445,0,0,,
914814335670,"personalized coffee mugs for wedding gifts",https://www.pinterest.com/ideas/personalized-coffee-mugs-for-wedding-gifts/914814335670,0,0,,
956638828154,"diy personalized beach gifts",https://www.pinterest.com/ideas/diy-personalized-beach-gifts/956638828154,0,0,,
908527798021,"personalized birthday gifts collage",https://www.pinterest.com/ideas/personalized-birthday-gifts-collage/908527798021,0,0,,
943192277733,"personalized birthday photo gifts",https://www.pinterest.com/ideas/personalized-birthday-photo-gifts/943192277733,0,0,,
901726877187,"diy personalized party gifts",https://www.pinterest.com/ideas/diy-personalized-party-gifts/901726877187,0,0,,
912637999965,"personalized new jersey gifts",https://www.pinterest.com/ideas/personalized-new-jersey-gifts/912637999965,0,0,,
926929410253,"personalized idaho gifts",https://www.pinterest.com/ideas/personalized-idaho-gifts/926929410253,0,0,,
933977846553,"personalized music gifts for musicians",https://www.pinterest.com/ideas/personalized-music-gifts-for-musicians/933977846553,0,0,,
932633505902,"unique personalized music gifts",https://www.pinterest.com/ideas/unique-personalized-music-gifts/932633505902,0,0,,
938034593077,"personalized big sister gifts blanket",https://www.pinterest.com/ideas/personalized-big-sister-gifts-blanket/938034593077,0,0,,
946675988211,"personalized big sister gifts",https://www.pinterest.com/ideas/personalized-big-sister-gifts/946675988211,0,0,,
895100193181,"personalized plant lady gifts",https://www.pinterest.com/ideas/personalized-plant-lady-gifts/895100193181,0,0,,"unique gift for succulent lovers (https://app.pinclicks.com/keyword/unique-gift-for-succulent-lovers/911956768253)
plant lady tee (https://app.pinclicks.com/keyword/plant-lady-tee/954561270616)
teacher plant gift ideas (https://app.pinclicks.com/keyword/teacher-plant-gift-ideas/954784021855)
plant lady name (https://app.pinclicks.com/keyword/plant-lady-name/915740951603)
personalized plant favors (https://app.pinclicks.com/keyword/personalized-plant-favors/929766042187)
crazy plant lady sayings (https://app.pinclicks.com/keyword/crazy-plant-lady-sayings/928302395805)
cute plant lady quotes (https://app.pinclicks.com/keyword/cute-plant-lady-quotes/951025931905)
gardener theme gift (https://app.pinclicks.com/keyword/gardener-theme-gift/946683035278)
teacher plant gift (https://app.pinclicks.com/keyword/teacher-plant-gift/908029203748)"
901344678592,"personalized kippah gifts",https://www.pinterest.com/ideas/personalized-kippah-gifts/901344678592,0,0,,
908019607031,"personalized dinosaur gifts for kids",https://www.pinterest.com/ideas/personalized-dinosaur-gifts-for-kids/908019607031,0,0,,
925572159612,"personalized ohio state gifts",https://www.pinterest.com/ideas/personalized-ohio-state-gifts/925572159612,0,0,,
919137054657,"diy personalized candy gifts",https://www.pinterest.com/ideas/diy-personalized-candy-gifts/919137054657,0,0,,
902698933693,"personalized yoga instructor gifts",https://www.pinterest.com/ideas/personalized-yoga-instructor-gifts/902698933693,0,0,,
945711569462,"best personalized gift & unique gifts idea",https://www.pinterest.com/ideas/best-personalized-gift-unique-gifts-idea/945711569462,0,0,,
917119912196,"personalized pet loss gifts",https://www.pinterest.com/ideas/personalized-pet-loss-gifts/917119912196,0,0,,
913664950139,"personalized candy gifts",https://www.pinterest.com/ideas/personalized-candy-gifts/913664950139,0,0,,
910813567706,"personalized fox-themed gifts",https://www.pinterest.com/ideas/personalized-fox-themed-gifts/910813567706,0,0,,
939714078311,"personalized clarinet gifts",https://www.pinterest.com/ideas/personalized-clarinet-gifts/939714078311,0,0,,
956277791353,"personalized placemat gifts",https://www.pinterest.com/ideas/personalized-placemat-gifts/956277791353,0,0,,
897237617783,"personalized american cocker spaniel gifts",https://www.pinterest.com/ideas/personalized-american-cocker-spaniel-gifts/897237617783,0,0,,
904623965924,"corporate gifts personalized tumbler",https://www.pinterest.com/ideas/corporate-gifts-personalized-tumbler/904623965924,0,0,,
903700110230,"diy personalized gifts tutorial",https://www.pinterest.com/ideas/diy-personalized-gifts-tutorial/903700110230,0,0,,
907499714982,"diy personalized nursery gifts",https://www.pinterest.com/ideas/diy-personalized-nursery-gifts/907499714982,0,0,,
926568186614,"personalized tartan gifts",https://www.pinterest.com/ideas/personalized-tartan-gifts/926568186614,0,0,,
925912334786,"personalized newborn welcome gifts",https://www.pinterest.com/ideas/personalized-newborn-welcome-gifts/925912334786,0,0,,
959479942707,"handmade personalized gifts for all occasions",https://www.pinterest.com/ideas/handmade-personalized-gifts-for-all-occasions/959479942707,0,0,,
945212326138,"personalized military deployment gifts",https://www.pinterest.com/ideas/personalized-military-deployment-gifts/945212326138,0,0,,
959018967642,"personalized climbing gear gifts",https://www.pinterest.com/ideas/personalized-climbing-gear-gifts/959018967642,0,0,,
933616373858,"personalized hand sanitizer gifts",https://www.pinterest.com/ideas/personalized-hand-sanitizer-gifts/933616373858,0,0,,
920830755638,"personalized llama-themed gifts",https://www.pinterest.com/ideas/personalized-llama-themed-gifts/920830755638,0,0,,
904569472512,"personalized zodiac birthday gifts",https://www.pinterest.com/ideas/personalized-zodiac-birthday-gifts/904569472512,0,0,,
956735690263,"personalized music-themed birthday gifts",https://www.pinterest.com/ideas/personalized-music-themed-birthday-gifts/956735690263,0,0,,
959645898072,"personalized card ideas for gifts",https://www.pinterest.com/ideas/personalized-card-ideas-for-gifts/959645898072,0,0,,
959993876662,"personalized pumpkin gifts",https://www.pinterest.com/ideas/personalized-pumpkin-gifts/959993876662,0,0,,
926797420498,"personalized papa bear gifts",https://www.pinterest.com/ideas/personalized-papa-bear-gifts/926797420498,0,0,,
905637669457,"personalized cat mom gifts",https://www.pinterest.com/ideas/personalized-cat-mom-gifts/905637669457,0,0,,"unique personalized gifts for pet lovers (https://app.pinclicks.com/keyword/unique-personalized-gifts-for-pet-lovers/894332084895)
funny cat lover gifts (https://app.pinclicks.com/keyword/funny-cat-lover-gifts/941302225133)
gifts for cat lovers (https://app.pinclicks.com/keyword/gifts-for-cat-lovers/908632550927)
gift ideas for cat lovers (https://app.pinclicks.com/keyword/gift-ideas-for-cat-lovers/941111071978)
presents for cat lovers (https://app.pinclicks.com/keyword/presents-for-cat-lovers/957902794916)
cat lover shirt gift ideas (https://app.pinclicks.com/keyword/cat-lover-shirt-gift-ideas/944570693713)
best cat mom ever shirt (https://app.pinclicks.com/keyword/best-cat-mom-ever-shirt/927168595995)
cat lady gift ideas (https://app.pinclicks.com/keyword/cat-lady-gift-ideas/927608266430)"
949622782898,"personalized wonder woman gifts",https://www.pinterest.com/ideas/personalized-wonder-woman-gifts/949622782898,0,0,,
907112533583,"personalized religious gifts inspiration",https://www.pinterest.com/ideas/personalized-religious-gifts-inspiration/907112533583,0,0,,
907254868856,"personalized holiday kitchen gifts",https://www.pinterest.com/ideas/personalized-holiday-kitchen-gifts/907254868856,0,0,,
922711732244,"personalized 4-h fair gifts",https://www.pinterest.com/ideas/personalized-4-h-fair-gifts/922711732244,0,0,,
925690853642,"unique personalized gifts for fishermen",https://www.pinterest.com/ideas/unique-personalized-gifts-for-fishermen/925690853642,0,0,,
904938021863,"personalized honduras flag gifts",https://www.pinterest.com/ideas/personalized-honduras-flag-gifts/904938021863,0,0,,
960781596543,"personalized hand towel gifts",https://www.pinterest.com/ideas/personalized-hand-towel-gifts/960781596543,0,0,,"towels with names on them (https://app.pinclicks.com/keyword/towels-with-names-on-them/914643489029)
custom beach towel gift (https://app.pinclicks.com/keyword/custom-beach-towel-gift/918602628261)
personalized towel for loved ones (https://app.pinclicks.com/keyword/personalized-towel-for-loved-ones/958620349254)
custom kitchen towels (https://app.pinclicks.com/keyword/custom-kitchen-towels/919295836247)
personalized towels for kids (https://app.pinclicks.com/keyword/personalized-towels-for-kids/926617610570)
tea towel gift ideas (https://app.pinclicks.com/keyword/tea-towel-gift-ideas/960058151217)
how to make a towel gift (https://app.pinclicks.com/keyword/how-to-make-a-towel-gift/942824518631)
soap and towel gift ideas (https://app.pinclicks.com/keyword/soap-and-towel-gift-ideas/948907724031)
new home towel gift (https://app.pinclicks.com/keyword/new-home-towel-gift/914954611383)
monogram hand towels (https://app.pinclicks.com/keyword/monogram-hand-towels/905571270899)"
925657772684,"personalized prayer pillows for gifts",https://www.pinterest.com/ideas/personalized-prayer-pillows-for-gifts/925657772684,0,0,,
928130973755,"personalized astrology birthday gifts",https://www.pinterest.com/ideas/personalized-astrology-birthday-gifts/928130973755,0,0,,
953704389481,"personalized fox pillow gifts",https://www.pinterest.com/ideas/personalized-fox-pillow-gifts/953704389481,0,0,,
956542854058,"personalized holiday pillow gifts",https://www.pinterest.com/ideas/personalized-holiday-pillow-gifts/956542854058,0,0,,
895023144595,"personalized cherry pillow gifts",https://www.pinterest.com/ideas/personalized-cherry-pillow-gifts/895023144595,0,0,,"red cherry blossom pillow cover (https://app.pinclicks.com/keyword/red-cherry-blossom-pillow-cover/960695607589)
cherry pitted sky pillow cover (https://app.pinclicks.com/keyword/cherry-pitted-sky-pillow-cover/952247319862)
cherry red throw pillows (https://app.pinclicks.com/keyword/cherry-red-throw-pillows/936217342149)
cherries bedding (https://app.pinclicks.com/keyword/cherries-bedding/953772347002)
romantic cherry gift idea (https://app.pinclicks.com/keyword/romantic-cherry-gift-idea/950418914075)
watermelon and cherry pattern pillow (https://app.pinclicks.com/keyword/watermelon-and-cherry-pattern-pillow/896078731664)
cherry themed items (https://app.pinclicks.com/keyword/cherry-themed-items/907232370470)
custom fruit cherry bag (https://app.pinclicks.com/keyword/custom-fruit-cherry-bag/939469306339)
personalized ladybug pillow gift (https://app.pinclicks.com/keyword/personalized-ladybug-pillow-gift/927746463975)
i 'strawberry' you throw pillow (https://app.pinclicks.com/keyword/i-strawberry-you-throw-pillow/924947579771)"
959152647893,"personalized panda pillow gifts",https://www.pinterest.com/ideas/personalized-panda-pillow-gifts/959152647893,0,0,,"panda face cushion (https://app.pinclicks.com/keyword/panda-face-cushion/939688472790)
colorful panda heart-shaped pillow (https://app.pinclicks.com/keyword/colorful-panda-heart-shaped-pillow/932930687943)
cute pinky panda pillow sham (https://app.pinclicks.com/keyword/cute-pinky-panda-pillow-sham/915776519739)
panda gifts for girls (https://app.pinclicks.com/keyword/panda-gifts-for-girls/954607762890)
panda-themed cross-stitch pillow (https://app.pinclicks.com/keyword/panda-themed-cross-stitch-pillow/905240322924)
panda themed personalized bag (https://app.pinclicks.com/keyword/panda-themed-personalized-bag/899392489021)
personalized panda mug designs (https://app.pinclicks.com/keyword/personalized-panda-mug-designs/955248799452)
panda good night pillowcase (https://app.pinclicks.com/keyword/panda-good-night-pillowcase/959984655056)
panda cushion with heart design (https://app.pinclicks.com/keyword/panda-cushion-with-heart-design/915310408229)
panda cushion cover white (https://app.pinclicks.com/keyword/panda-cushion-cover-white/925507697130)"
912914157836,"vintage stork art personalized gifts",https://www.pinterest.com/ideas/vintage-stork-art-personalized-gifts/912914157836,0,0,,
945250309175,"personalized jamaica gifts",https://www.pinterest.com/ideas/personalized-jamaica-gifts/945250309175,0,0,,
949784950641,"personalized portugal gifts",https://www.pinterest.com/ideas/personalized-portugal-gifts/949784950641,0,0,,
915454924376,"personalized ornaments for military gifts",https://www.pinterest.com/ideas/personalized-ornaments-for-military-gifts/915454924376,0,0,,
893517903191,"personalized boston terrier gifts",https://www.pinterest.com/ideas/personalized-boston-terrier-gifts/893517903191,0,0,"animals (https://app.pinclicks.com/keyword/animals/925056443165)","black and white boston terrier accessory (https://app.pinclicks.com/keyword/black-and-white-boston-terrier-accessory/926059417350)
boston terrier mothers day (https://app.pinclicks.com/keyword/boston-terrier-mothers-day/905011811900)
boston terrier hoodies (https://app.pinclicks.com/keyword/boston-terrier-hoodies/901920778715)
boston terrier mom black mug (https://app.pinclicks.com/keyword/boston-terrier-mom-black-mug/954856597216)
boston terrier fashion accessories (https://app.pinclicks.com/keyword/boston-terrier-fashion-accessories/938888191671)
boston terrier keychain with glasses (https://app.pinclicks.com/keyword/boston-terrier-keychain-with-glasses/945627000367)
taza boston terrier (https://app.pinclicks.com/keyword/taza-boston-terrier/895270882512)
boston terrier frame (https://app.pinclicks.com/keyword/boston-terrier-frame/939694870554)
boston terrier travel mug design (https://app.pinclicks.com/keyword/boston-terrier-travel-mug-design/925704238096)
ceramic boston terrier figurine (https://app.pinclicks.com/keyword/ceramic-boston-terrier-figurine/945174626224)"
894332084895,"unique personalized gifts for pet lovers",https://www.pinterest.com/ideas/unique-personalized-gifts-for-pet-lovers/894332084895,0,0,,"dog themed gifts for humans (https://app.pinclicks.com/keyword/dog-themed-gifts-for-humans/950629415843)
diy pet lover gift inspiration (https://app.pinclicks.com/keyword/diy-pet-lover-gift-inspiration/929333336667)
pet lover holiday gift inspiration (https://app.pinclicks.com/keyword/pet-lover-holiday-gift-inspiration/923761455366)
dog gift for owner (https://app.pinclicks.com/keyword/dog-gift-for-owner/943781235434)
gift ideas for dog lovers (https://app.pinclicks.com/keyword/gift-ideas-for-dog-lovers/900566637195)
sentimental dog gifts (https://app.pinclicks.com/keyword/sentimental-dog-gifts/960853657197)
unique dog-themed gifts (https://app.pinclicks.com/keyword/unique-dog-themed-gifts/959730866944)
dog lover gift (https://app.pinclicks.com/keyword/dog-lover-gift/910050315817)
new pet gift ideas (https://app.pinclicks.com/keyword/new-pet-gift-ideas/894030158235)"
950115664393,"how to make personalized wedding gifts",https://www.pinterest.com/ideas/how-to-make-personalized-wedding-gifts/950115664393,0,0,,
934038790186,"personalized teacher gifts zazzle",https://www.pinterest.com/ideas/personalized-teacher-gifts-zazzle/934038790186,0,0,,
940991339423,"diy personalized beer gifts",https://www.pinterest.com/ideas/diy-personalized-beer-gifts/940991339423,0,0,,
947039511718,"personalized photo frame gifts",https://www.pinterest.com/ideas/personalized-photo-frame-gifts/947039511718,0,0,,
916518596522,"personalized cruise vacation gifts",https://www.pinterest.com/ideas/personalized-cruise-vacation-gifts/916518596522,0,0,,
895334815368,"personalized yo-yo gifts",https://www.pinterest.com/ideas/personalized-yo-yo-gifts/895334815368,0,0,,"old yo-yo doll (https://app.pinclicks.com/keyword/old-yo-yo-doll/896894325778)
colorful fabric yo-yo patterns (https://app.pinclicks.com/keyword/colorful-fabric-yo-yo-patterns/960773666620)
retro yo-yo toy (https://app.pinclicks.com/keyword/retro-yo-yo-toy/915728690316)
rolled fabric yo-yo project (https://app.pinclicks.com/keyword/rolled-fabric-yo-yo-project/905968854700)
yo-yo pillow cover (https://app.pinclicks.com/keyword/yo-yo-pillow-cover/941110405400)
decorative wooden yo-yo (https://app.pinclicks.com/keyword/decorative-wooden-yo-yo/947444966438)
how to make a yo-yo purse (https://app.pinclicks.com/keyword/how-to-make-a-yo-yo-purse/917798378631)
yo-yo pillowcase (https://app.pinclicks.com/keyword/yo-yo-pillowcase/959746349385)
yo-yo jewelry (https://app.pinclicks.com/keyword/yo-yo-jewelry/942245383444)
handmade wooden yo-yo (https://app.pinclicks.com/keyword/handmade-wooden-yo-yo/955130333765)"
898420786542,"christian baby gifts personalized",https://www.pinterest.com/ideas/christian-baby-gifts-personalized/898420786542,0,0,,
925959592601,"personalized baby baptism gifts",https://www.pinterest.com/ideas/personalized-baby-baptism-gifts/925959592601,0,0,,
951943917752,"personalized baptism gifts for boys",https://www.pinterest.com/ideas/personalized-baptism-gifts-for-boys/951943917752,0,0,,
954417508072,"popular personalized gifts",https://www.pinterest.com/ideas/popular-personalized-gifts/954417508072,0,0,,
948556449032,"diy personalized tech gifts",https://www.pinterest.com/ideas/diy-personalized-tech-gifts/948556449032,0,0,"diy and crafts (https://app.pinclicks.com/keyword/diy-and-crafts/934876475639)
diy event (https://app.pinclicks.com/keyword/diy-event/922120925682)
diy gifts (https://app.pinclicks.com/keyword/diy-gifts/952116175576)","tech gift for gadget lovers (https://app.pinclicks.com/keyword/tech-gift-for-gadget-lovers/898263771432)
tech gifts for under 100 (https://app.pinclicks.com/keyword/tech-gifts-for-under-100/897435384797)
christmas gifts for tech guy (https://app.pinclicks.com/keyword/christmas-gifts-for-tech-guy/904698001572)
holiday gift for tech lovers (https://app.pinclicks.com/keyword/holiday-gift-for-tech-lovers/929912712285)
corporate tech gifts (https://app.pinclicks.com/keyword/corporate-tech-gifts/925153504851)
trendy tech gift inspiration (https://app.pinclicks.com/keyword/trendy-tech-gift-inspiration/918755590550)
iphone gift ideas for tech lovers (https://app.pinclicks.com/keyword/iphone-gift-ideas-for-tech-lovers/950524727703)
high tech gifts (https://app.pinclicks.com/keyword/high-tech-gifts/945845126818)
tech christmas gifts (https://app.pinclicks.com/keyword/tech-christmas-gifts/909792352976)
gifts for tech nerds (https://app.pinclicks.com/keyword/gifts-for-tech-nerds/959481780960)"
952756332110,"diy personalized balloon gifts",https://www.pinterest.com/ideas/diy-personalized-balloon-gifts/952756332110,0,0,,
924156726829,"bridesmaids gifts personalized starbucks mugs",https://www.pinterest.com/ideas/bridesmaids-gifts-personalized-starbucks-mugs/924156726829,0,0,,
941578105695,"personalized cake decoration gifts",https://www.pinterest.com/ideas/personalized-cake-decoration-gifts/941578105695,0,0,,
947134382699,"personalized christmas gifts",https://www.pinterest.com/ideas/personalized-christmas-gifts/947134382699,0,0,,
941420138963,"wood personalized gifts",https://www.pinterest.com/ideas/wood-personalized-gifts/941420138963,0,0,,
960349910823,"diy personalized crayon gifts",https://www.pinterest.com/ideas/diy-personalized-crayon-gifts/960349910823,0,0,,
939642185487,"diy personalized chocolate gifts",https://www.pinterest.com/ideas/diy-personalized-chocolate-gifts/939642185487,0,0,,
940512414451,"personalized name gifts collage",https://www.pinterest.com/ideas/personalized-name-gifts-collage/940512414451,0,0,,
904774164840,"personalized kitten gifts",https://www.pinterest.com/ideas/personalized-kitten-gifts/904774164840,0,0,,
936192291070,"personalized dog birthday gifts",https://www.pinterest.com/ideas/personalized-dog-birthday-gifts/936192291070,0,0,,
914535693063,"horoscope mugs personalized gifts",https://www.pinterest.com/ideas/horoscope-mugs-personalized-gifts/914535693063,0,0,,
939052776611,"personalized dog-themed gifts",https://www.pinterest.com/ideas/personalized-dog-themed-gifts/939052776611,0,0,,
898024118042,"personalized gifts for beer drinkers",https://www.pinterest.com/ideas/personalized-gifts-for-beer-drinkers/898024118042,0,0,,
952215800518,"personalized health awareness gifts",https://www.pinterest.com/ideas/personalized-health-awareness-gifts/952215800518,0,0,,
953274793648,"personalized baby birthday gifts",https://www.pinterest.com/ideas/personalized-baby-birthday-gifts/953274793648,0,0,,
959155643263,"diy personalized food gifts",https://www.pinterest.com/ideas/diy-personalized-food-gifts/959155643263,0,0,,
931887085875,"personalized wolf-themed gifts",https://www.pinterest.com/ideas/personalized-wolf-themed-gifts/931887085875,0,0,,
957971897799,"personalized sentimental gifts",https://www.pinterest.com/ideas/personalized-sentimental-gifts/957971897799,0,0,,
955977367478,"personalized long distance relationship gifts",https://www.pinterest.com/ideas/personalized-long-distance-relationship-gifts/955977367478,0,0,,
940849694863,"personalized cricut gifts men",https://www.pinterest.com/ideas/personalized-cricut-gifts-men/940849694863,0,0,,
937411697643,"personalized shopkins gifts",https://www.pinterest.com/ideas/personalized-shopkins-gifts/937411697643,0,0,,
933097065601,"personalized recognition gifts",https://www.pinterest.com/ideas/personalized-recognition-gifts/933097065601,0,0,,
905982965153,"personalized gifts & keepsake gift ideas",https://www.pinterest.com/ideas/personalized-gifts-keepsake-gift-ideas/905982965153,0,0,,
908244604021,"personalized glass mugs for gifts",https://www.pinterest.com/ideas/personalized-glass-mugs-for-gifts/908244604021,0,0,,"customized glass cups (https://app.pinclicks.com/keyword/customized-glass-cups/952460443365)
how to personalize a mug (https://app.pinclicks.com/keyword/how-to-personalize-a-mug/949866203683)
personalized beverage glasses (https://app.pinclicks.com/keyword/personalized-beverage-glasses/918282062597)
20oz glass mug (https://app.pinclicks.com/keyword/20oz-glass-mug/897860823457)
custom coffee mugs etsy (https://app.pinclicks.com/keyword/custom-coffee-mugs-etsy/915067916127)
personalized coffee cup (https://app.pinclicks.com/keyword/personalized-coffee-cup/925986089013)
clear glass mugs (https://app.pinclicks.com/keyword/clear-glass-mugs/913772976857)
name mugs (https://app.pinclicks.com/keyword/name-mugs/941588023840)
coffee mug with name (https://app.pinclicks.com/keyword/coffee-mug-with-name/960096849047)
custom name mug present (https://app.pinclicks.com/keyword/custom-name-mug-present/926823930523)"
951066721881,"personalized baptism gifts for guests",https://www.pinterest.com/ideas/personalized-baptism-gifts-for-guests/951066721881,0,0,"event planning (https://app.pinclicks.com/keyword/event-planning/941870572865)
gifts (https://app.pinclicks.com/keyword/gifts/915305016791)
gifts ideas (https://app.pinclicks.com/keyword/gifts-ideas/901940346147)","what to gift for a baptism (https://app.pinclicks.com/keyword/what-to-gift-for-a-baptism/937004607158)
baptismal gift (https://app.pinclicks.com/keyword/baptismal-gift/931848204427)
baby dedication favors (https://app.pinclicks.com/keyword/baby-dedication-favors/894134703746)
baptism gift ideas for family (https://app.pinclicks.com/keyword/baptism-gift-ideas-for-family/952117461663)
religious favors (https://app.pinclicks.com/keyword/religious-favors/920649709987)
christian baptism gifts for adults (https://app.pinclicks.com/keyword/christian-baptism-gifts-for-adults/901162309574)
baptism gifts for children (https://app.pinclicks.com/keyword/baptism-gifts-for-children/919946124552)
baptismal giveaways for godparents (https://app.pinclicks.com/keyword/baptismal-giveaways-for-godparents/947460948607)
christian baptism gift (https://app.pinclicks.com/keyword/christian-baptism-gift/942506838694)
bautizo favor ideas (https://app.pinclicks.com/keyword/bautizo-favor-ideas/951632630046)"
937380585323,"embroidery machine files for personalized gifts",https://www.pinterest.com/ideas/embroidery-machine-files-for-personalized-gifts/937380585323,0,0,,
921343218898,"diy personalized bottle gifts",https://www.pinterest.com/ideas/diy-personalized-bottle-gifts/921343218898,0,0,,
949599925032,"personalized gifts for choir director",https://www.pinterest.com/ideas/personalized-gifts-for-choir-director/949599925032,0,0,,
933667720333,"personalized buddha gifts",https://www.pinterest.com/ideas/personalized-buddha-gifts/933667720333,0,0,,
906498930841,"personalized peacock clock gifts",https://www.pinterest.com/ideas/personalized-peacock-clock-gifts/906498930841,0,0,,
911612497272,"personalized cardinal gifts",https://www.pinterest.com/ideas/personalized-cardinal-gifts/911612497272,0,0,,
945278038646,"personalized boss gifts",https://www.pinterest.com/ideas/personalized-boss-gifts/945278038646,0,0,,
957682531598,"personalized birthday gifts for adults",https://www.pinterest.com/ideas/personalized-birthday-gifts-for-adults/957682531598,0,0,,
961792200872,"personalized dad gifts inspiration",https://www.pinterest.com/ideas/personalized-dad-gifts-inspiration/961792200872,0,0,,"meaningful christmas gifts for dad (https://app.pinclicks.com/keyword/meaningful-christmas-gifts-for-dad/940792495247)
engraved fathers day gifts ideas (https://app.pinclicks.com/keyword/engraved-fathers-day-gifts-ideas/952993268278)
dad gift accessory (https://app.pinclicks.com/keyword/dad-gift-accessory/940647824819)
gifts to buy your dad (https://app.pinclicks.com/keyword/gifts-to-buy-your-dad/903161216463)
cool dad christmas gifts (https://app.pinclicks.com/keyword/cool-dad-christmas-gifts/954745070322)
cool gifts for cool dads (https://app.pinclicks.com/keyword/cool-gifts-for-cool-dads/914327778928)
unique gifts for dad birthday (https://app.pinclicks.com/keyword/unique-gifts-for-dad-birthday/947291017607)
things to get my dad for fathers day (https://app.pinclicks.com/keyword/things-to-get-my-dad-for-fathers-day/933754532178)"
911917985071,"personalized retirement gifts for coworkers",https://www.pinterest.com/ideas/personalized-retirement-gifts-for-coworkers/911917985071,0,0,,
919003454878,"personalized baptism gifts for baby girl",https://www.pinterest.com/ideas/personalized-baptism-gifts-for-baby-girl/919003454878,0,0,,"engraved baptism gifts (https://app.pinclicks.com/keyword/engraved-baptism-gifts/928163766744)
baptism gift ideas teen girl (https://app.pinclicks.com/keyword/baptism-gift-ideas-teen-girl/923413976619)
baptism gifts for granddaughter (https://app.pinclicks.com/keyword/baptism-gifts-for-granddaughter/894301080497)
what do you gift for a baptism (https://app.pinclicks.com/keyword/what-do-you-gift-for-a-baptism/949298116346)
creative baptism gift ideas (https://app.pinclicks.com/keyword/creative-baptism-gift-ideas/900686129137)
baptism gift sets (https://app.pinclicks.com/keyword/baptism-gift-sets/901558508698)
baptism present inspiration (https://app.pinclicks.com/keyword/baptism-present-inspiration/920453549279)
elegant baby baptism gift set (https://app.pinclicks.com/keyword/elegant-baby-baptism-gift-set/935240917038)
christening gift ideas for girl (https://app.pinclicks.com/keyword/christening-gift-ideas-for-girl/947888802619)
baptism gifts for kids (https://app.pinclicks.com/keyword/baptism-gifts-for-kids/905988720247)"
899100845203,"baby gifts personalized",https://www.pinterest.com/ideas/baby-gifts-personalized/899100845203,0,0,,
923792903720,"personalized wine accessories gifts",https://www.pinterest.com/ideas/personalized-wine-accessories-gifts/923792903720,0,0,,
920030925349,"personalized aviation gifts",https://www.pinterest.com/ideas/personalized-aviation-gifts/920030925349,0,0,,
946695685978,"personalized christian gifts for her",https://www.pinterest.com/ideas/personalized-christian-gifts-for-her/946695685978,0,0,,
941036415150,"christian gifts personalized",https://www.pinterest.com/ideas/christian-gifts-personalized/941036415150,0,0,,
918255778508,"personalized religious gifts for him",https://www.pinterest.com/ideas/personalized-religious-gifts-for-him/918255778508,0,0,,
899022415859,"embroidered personalized baby gifts",https://www.pinterest.com/ideas/embroidered-personalized-baby-gifts/899022415859,0,0,,
928704247889,"best personalized bridal shower gifts",https://www.pinterest.com/ideas/best-personalized-bridal-shower-gifts/928704247889,0,0,,
930436671604,"personalized 10th anniversary gifts",https://www.pinterest.com/ideas/personalized-10th-anniversary-gifts/930436671604,0,0,,
928505798942,"personalized photo crystal gifts",https://www.pinterest.com/ideas/personalized-photo-crystal-gifts/928505798942,0,0,,
944026203190,"firefighter gifts for men personalized",https://www.pinterest.com/ideas/firefighter-gifts-for-men-personalized/944026203190,0,0,,
913054690163,"personalized button gifts",https://www.pinterest.com/ideas/personalized-button-gifts/913054690163,0,0,,
959370384783,"personalized star trek gifts",https://www.pinterest.com/ideas/personalized-star-trek-gifts/959370384783,0,0,,
936434968785,"personalized air force gifts",https://www.pinterest.com/ideas/personalized-air-force-gifts/936434968785,0,0,,"air force couple (https://app.pinclicks.com/keyword/air-force-couple/955710638185)
air force wedding (https://app.pinclicks.com/keyword/air-force-wedding/942593596260)
air force uniform (https://app.pinclicks.com/keyword/air-force-uniform/908734358325)
air force graduation (https://app.pinclicks.com/keyword/air-force-graduation/942432477199)
air force tattoo for women (https://app.pinclicks.com/keyword/air-force-tattoo-for-women/898132347991)"
935187203722,"personalized gay pride gifts",https://www.pinterest.com/ideas/personalized-gay-pride-gifts/935187203722,0,0,,
932364069851,"personalized hockey coach gifts",https://www.pinterest.com/ideas/personalized-hockey-coach-gifts/932364069851,0,0,,
939767834212,"personalized champagne gifts",https://www.pinterest.com/ideas/personalized-champagne-gifts/939767834212,0,0,,
945649985264,"personalized german shorthaired pointer gifts",https://www.pinterest.com/ideas/personalized-german-shorthaired-pointer-gifts/945649985264,0,0,,
936568155873,"personalized unicorn gifts for children",https://www.pinterest.com/ideas/personalized-unicorn-gifts-for-children/936568155873,0,0,"children's fashion (https://app.pinclicks.com/keyword/childrens-fashion/903733943146)","personalized gifts for children (https://app.pinclicks.com/keyword/personalized-gifts-for-children/936231530639)
diy unicorn birthday gift ideas (https://app.pinclicks.com/keyword/diy-unicorn-birthday-gift-ideas/941917840258)
pink unicorn gift box (https://app.pinclicks.com/keyword/pink-unicorn-gift-box/921113779957)
unicorn theme return gifts (https://app.pinclicks.com/keyword/unicorn-theme-return-gifts/918076953701)
unicorn cup with name (https://app.pinclicks.com/keyword/unicorn-cup-with-name/923695557748)
unicorn-themed personalized mug (https://app.pinclicks.com/keyword/unicorn-themed-personalized-mug/959577565967)
unicorn figurine gift (https://app.pinclicks.com/keyword/unicorn-figurine-gift/901622560000)
personalized unicorn card (https://app.pinclicks.com/keyword/personalized-unicorn-card/915964459513)
unicorn jewelry gifts (https://app.pinclicks.com/keyword/unicorn-jewelry-gifts/926199414460)
diy unicorn gifts ideas (https://app.pinclicks.com/keyword/diy-unicorn-gifts-ideas/902268764862)"
946866270518,"personalized shower curtain gifts",https://www.pinterest.com/ideas/personalized-shower-curtain-gifts/946866270518,0,0,,
947318127844,"diy personalized business gifts",https://www.pinterest.com/ideas/diy-personalized-business-gifts/947318127844,0,0,,
947813610673,"personalized pet picture gifts",https://www.pinterest.com/ideas/personalized-pet-picture-gifts/947813610673,0,0,,
925317089298,"personalized 50th birthday gifts for him",https://www.pinterest.com/ideas/personalized-50th-birthday-gifts-for-him/925317089298,0,0,,
906829447727,"personalized sterling silver gifts",https://www.pinterest.com/ideas/personalized-sterling-silver-gifts/906829447727,0,0,,
925498783016,"personalized welding gifts",https://www.pinterest.com/ideas/personalized-welding-gifts/925498783016,0,0,,
919975877215,"yankees personalized gifts",https://www.pinterest.com/ideas/yankees-personalized-gifts/919975877215,0,0,,
945008862692,"personalized yeti gifts",https://www.pinterest.com/ideas/personalized-yeti-gifts/945008862692,0,0,,
936672663612,"personalized soccer gifts for kids",https://www.pinterest.com/ideas/personalized-soccer-gifts-for-kids/936672663612,0,0,,
901705195130,"personalized optical illusion gifts",https://www.pinterest.com/ideas/personalized-optical-illusion-gifts/901705195130,0,0,,
903864779634,"unique personalized housewarming gifts",https://www.pinterest.com/ideas/unique-personalized-housewarming-gifts/903864779634,0,0,,
902659480808,"personalized rolling tray gifts",https://www.pinterest.com/ideas/personalized-rolling-tray-gifts/902659480808,0,0,,
901483944017,"harley davidson personalized gifts",https://www.pinterest.com/ideas/harley-davidson-personalized-gifts/901483944017,0,0,,
946080026075,"best personalized pet gifts",https://www.pinterest.com/ideas/best-personalized-pet-gifts/946080026075,0,0,,
959805901038,"personalized catholic gifts",https://www.pinterest.com/ideas/personalized-catholic-gifts/959805901038,0,0,,
953706938380,"funniest personalized gifts",https://www.pinterest.com/ideas/funniest-personalized-gifts/953706938380,0,0,,
899531909323,"daughter personalized gifts",https://www.pinterest.com/ideas/daughter-personalized-gifts/899531909323,0,0,,
960489513054,"personalized hedgehog mug for gifts",https://www.pinterest.com/ideas/personalized-hedgehog-mug-for-gifts/960489513054,0,0,,
930534195630,"personalized beer mugs for gifts",https://www.pinterest.com/ideas/personalized-beer-mugs-for-gifts/930534195630,0,0,,
960116405864,"personalized halloween cup gifts",https://www.pinterest.com/ideas/personalized-halloween-cup-gifts/960116405864,0,0,,
947088471700,"personalized sloth gifts",https://www.pinterest.com/ideas/personalized-sloth-gifts/947088471700,0,0,,
894403495607,"personalized fishing gear gifts",https://www.pinterest.com/ideas/personalized-fishing-gear-gifts/894403495607,0,0,,"humorous fishing gift inspiration (https://app.pinclicks.com/keyword/humorous-fishing-gift-inspiration/942183069569)
gifts for fishing boyfriend (https://app.pinclicks.com/keyword/gifts-for-fishing-boyfriend/929953339701)
fishing lure gift (https://app.pinclicks.com/keyword/fishing-lure-gift/947542530084)
gifts for hunters and fishermen (https://app.pinclicks.com/keyword/gifts-for-hunters-and-fishermen/901418016512)
fishing christmas gifts (https://app.pinclicks.com/keyword/fishing-christmas-gifts/897358130975)
fisherman gift fly fishing gift (https://app.pinclicks.com/keyword/fisherman-gift-fly-fishing-gift/916438660968)
fishing gift inspiration for dad (https://app.pinclicks.com/keyword/fishing-gift-inspiration-for-dad/933393684574)
best time to go fishing funny fishing gift (https://app.pinclicks.com/keyword/best-time-to-go-fishing-funny-fishing-gift/905710110710)
how to make fishing-themed gifts (https://app.pinclicks.com/keyword/how-to-make-fishing-themed-gifts/932625487157)"
941296269081,"vegan personalized gifts",https://www.pinterest.com/ideas/vegan-personalized-gifts/941296269081,0,0,,
947276657665,"personalized breakfast gifts",https://www.pinterest.com/ideas/personalized-breakfast-gifts/947276657665,0,0,,
899355750701,"personalized ohio-themed gifts",https://www.pinterest.com/ideas/personalized-ohio-themed-gifts/899355750701,0,0,,
899907561224,"personalized gifts for writers",https://www.pinterest.com/ideas/personalized-gifts-for-writers/899907561224,0,0,,
950170197869,"personalized mandala journal gifts",https://www.pinterest.com/ideas/personalized-mandala-journal-gifts/950170197869,0,0,,
909600007949,"diy personalized music gifts",https://www.pinterest.com/ideas/diy-personalized-music-gifts/909600007949,0,0,,
918324371926,"personalized zodiac-themed gifts",https://www.pinterest.com/ideas/personalized-zodiac-themed-gifts/918324371926,0,0,,
953265851589,"personalized military style gifts",https://www.pinterest.com/ideas/personalized-military-style-gifts/953265851589,0,0,,
908608925092,"unique personalized wine gifts",https://www.pinterest.com/ideas/unique-personalized-wine-gifts/908608925092,0,0,,
905726776430,"personalized soda can gifts",https://www.pinterest.com/ideas/personalized-soda-can-gifts/905726776430,0,0,,
950366558274,"personalized zodiac gifts for friends",https://www.pinterest.com/ideas/personalized-zodiac-gifts-for-friends/950366558274,0,0,,
951242560827,"personalized batman gifts",https://www.pinterest.com/ideas/personalized-batman-gifts/951242560827,0,0,,
937595415660,"personalized unique gifts for all occasions",https://www.pinterest.com/ideas/personalized-unique-gifts-for-all-occasions/937595415660,0,0,,
911053540183,"personalized vintage spoon gifts",https://www.pinterest.com/ideas/personalized-vintage-spoon-gifts/911053540183,0,0,,
908529754018,"personalized gifts for nature lovers",https://www.pinterest.com/ideas/personalized-gifts-for-nature-lovers/908529754018,0,0,,
902247240274,"personalized paris-themed gifts",https://www.pinterest.com/ideas/personalized-paris-themed-gifts/902247240274,0,0,,
957385013267,"personalized jam label for gifts",https://www.pinterest.com/ideas/personalized-jam-label-for-gifts/957385013267,0,0,,
937011373620,"personalized blue zippo lighter gifts",https://www.pinterest.com/ideas/personalized-blue-zippo-lighter-gifts/937011373620,0,0,,
920177391216,"personalized zippo gifts",https://www.pinterest.com/ideas/personalized-zippo-gifts/920177391216,0,0,,
951759645894,"personalized phi mu gifts",https://www.pinterest.com/ideas/personalized-phi-mu-gifts/951759645894,0,0,,
913639465424,"personalized steampunk gifts",https://www.pinterest.com/ideas/personalized-steampunk-gifts/913639465424,0,0,,
926669363287,"personalized florida gators gifts",https://www.pinterest.com/ideas/personalized-florida-gators-gifts/926669363287,0,0,,
944321959274,"personalized mahjong gifts",https://www.pinterest.com/ideas/personalized-mahjong-gifts/944321959274,0,0,,
950015804761,"personalized indiana gifts",https://www.pinterest.com/ideas/personalized-indiana-gifts/950015804761,0,0,,
933588298269,"personalized gifts for tech enthusiasts",https://www.pinterest.com/ideas/personalized-gifts-for-tech-enthusiasts/933588298269,0,0,,
894794027882,"how to choose personalized gifts",https://www.pinterest.com/ideas/how-to-choose-personalized-gifts/894794027882,0,0,,"last minute personalized gifts (https://app.pinclicks.com/keyword/last-minute-personalized-gifts/922270109167)
small personalized gifts (https://app.pinclicks.com/keyword/small-personalized-gifts/934752985740)
cute personalized gifts (https://app.pinclicks.com/keyword/cute-personalized-gifts/903617468084)
personalized gifts for her (https://app.pinclicks.com/keyword/personalized-gifts-for-her/918794599678)
custom presents for special occasions (https://app.pinclicks.com/keyword/custom-presents-for-special-occasions/947292765229)
custom made gift ideas (https://app.pinclicks.com/keyword/custom-made-gift-ideas/930954135754)
personalized gift accessory inspiration (https://app.pinclicks.com/keyword/personalized-gift-accessory-inspiration/901684349291)
how to personalize birthday gifts (https://app.pinclicks.com/keyword/how-to-personalize-birthday-gifts/903625641318)
how to personalize crafts (https://app.pinclicks.com/keyword/how-to-personalize-crafts/909093873609)
how to choose holiday gifts (https://app.pinclicks.com/keyword/how-to-choose-holiday-gifts/914852629668)"
932990587148,"personalized gothic gifts",https://www.pinterest.com/ideas/personalized-gothic-gifts/932990587148,0,0,,
904293779999,"personalized coffee-themed gifts",https://www.pinterest.com/ideas/personalized-coffee-themed-gifts/904293779999,0,0,,
940322554535,"unique personalized gifts for coffee enthusiasts",https://www.pinterest.com/ideas/unique-personalized-gifts-for-coffee-enthusiasts/940322554535,0,0,,
944763868698,"personalized gifts for coffee enthusiasts",https://www.pinterest.com/ideas/personalized-gifts-for-coffee-enthusiasts/944763868698,0,0,,
914294573730,"personalized wendy gifts",https://www.pinterest.com/ideas/personalized-wendy-gifts/914294573730,0,0,,
936983971817,"personalized biology gifts",https://www.pinterest.com/ideas/personalized-biology-gifts/936983971817,0,0,,
921607964521,"diy personalized plant gifts",https://www.pinterest.com/ideas/diy-personalized-plant-gifts/921607964521,0,0,,
918764056556,"personalized kids gifts inspiration",https://www.pinterest.com/ideas/personalized-kids-gifts-inspiration/918764056556,0,0,,
953165088494,"unique personalized gifts for children",https://www.pinterest.com/ideas/unique-personalized-gifts-for-children/953165088494,0,0,,
960289561457,"how to order personalized gifts",https://www.pinterest.com/ideas/how-to-order-personalized-gifts/960289561457,0,0,,
947078266796,"personalized panda-themed gifts",https://www.pinterest.com/ideas/personalized-panda-themed-gifts/947078266796,0,0,,
899377563187,"personalized scotland gifts",https://www.pinterest.com/ideas/personalized-scotland-gifts/899377563187,0,0,,
930137590208,"personalized military wife gifts",https://www.pinterest.com/ideas/personalized-military-wife-gifts/930137590208,0,0,,
944982373729,"personalized food gifts for friends",https://www.pinterest.com/ideas/personalized-food-gifts-for-friends/944982373729,0,0,,
934387562318,"personalized gifts for engineers",https://www.pinterest.com/ideas/personalized-gifts-for-engineers/934387562318,0,0,,
930148894291,"personalized kansas gifts",https://www.pinterest.com/ideas/personalized-kansas-gifts/930148894291,0,0,,
930472417495,"personalized british gifts",https://www.pinterest.com/ideas/personalized-british-gifts/930472417495,0,0,,
938827888952,"personalized tropical gifts",https://www.pinterest.com/ideas/personalized-tropical-gifts/938827888952,0,0,,
944780823843,"personalized missionary gifts",https://www.pinterest.com/ideas/personalized-missionary-gifts/944780823843,0,0,,
933553548656,"personalized cocker spaniel gifts",https://www.pinterest.com/ideas/personalized-cocker-spaniel-gifts/933553548656,0,0,,
953855501208,"personalized communion gifts 2018",https://www.pinterest.com/ideas/personalized-communion-gifts-2018/953855501208,0,0,,
957234000796,"personalized communion gifts for godchildren",https://www.pinterest.com/ideas/personalized-communion-gifts-for-godchildren/957234000796,0,0,,
931163062066,"personalized cycling gear gifts",https://www.pinterest.com/ideas/personalized-cycling-gear-gifts/931163062066,0,0,,
931475257666,"personalized vinyl gifts",https://www.pinterest.com/ideas/personalized-vinyl-gifts/931475257666,0,0,,
933097446792,"diy personalized coffee gifts",https://www.pinterest.com/ideas/diy-personalized-coffee-gifts/933097446792,0,0,,
926383192989,"personalized home fragrance gifts",https://www.pinterest.com/ideas/personalized-home-fragrance-gifts/926383192989,0,0,,
927049575310,"diy personalized candle gifts",https://www.pinterest.com/ideas/diy-personalized-candle-gifts/927049575310,0,0,,
953649777962,"emma bridgewater personalized gifts",https://www.pinterest.com/ideas/emma-bridgewater-personalized-gifts/953649777962,0,0,,
949857110645,"personalized dnd gifts for players",https://www.pinterest.com/ideas/personalized-dnd-gifts-for-players/949857110645,0,0,,
900039720953,"personalized rainbow tumbler gifts",https://www.pinterest.com/ideas/personalized-rainbow-tumbler-gifts/900039720953,0,0,,
903258253462,"personalized pig cup gifts",https://www.pinterest.com/ideas/personalized-pig-cup-gifts/903258253462,0,0,,
919802958551,"personalized pet care gifts",https://www.pinterest.com/ideas/personalized-pet-care-gifts/919802958551,0,0,,
894937770843,"personalized pet-themed gifts",https://www.pinterest.com/ideas/personalized-pet-themed-gifts/894937770843,0,0,,"pet lover present inspiration (https://app.pinclicks.com/keyword/pet-lover-present-inspiration/894707547846)
dog-themed christmas gift (https://app.pinclicks.com/keyword/dog-themed-christmas-gift/958904598612)
colorful pet lover gift (https://app.pinclicks.com/keyword/colorful-pet-lover-gift/905413541918)
romantic pet-themed gifts (https://app.pinclicks.com/keyword/romantic-pet-themed-gifts/917633699084)
pet lover birthday gift inspiration (https://app.pinclicks.com/keyword/pet-lover-birthday-gift-inspiration/960664989538)
personalized pet art (https://app.pinclicks.com/keyword/personalized-pet-art/960284318253)
pet-themed gift basket inspiration (https://app.pinclicks.com/keyword/pet-themed-gift-basket-inspiration/902037334783)
personalized dog mom gifts (https://app.pinclicks.com/keyword/personalized-dog-mom-gifts/948030256620)"
941767656235,"zebra notebook personalized gifts",https://www.pinterest.com/ideas/zebra-notebook-personalized-gifts/941767656235,0,0,,
931919973612,"personalized arabic calligraphy gifts",https://www.pinterest.com/ideas/personalized-arabic-calligraphy-gifts/931919973612,0,0,,
900343161361,"personalized unicorn gifts for kids",https://www.pinterest.com/ideas/personalized-unicorn-gifts-for-kids/900343161361,0,0,,
912538171734,"personalized zodiac wall art gifts",https://www.pinterest.com/ideas/personalized-zodiac-wall-art-gifts/912538171734,0,0,,
916940418134,"personalized dachshund gifts",https://www.pinterest.com/ideas/personalized-dachshund-gifts/916940418134,0,0,,
933519878665,"bride mug personalized gifts",https://www.pinterest.com/ideas/bride-mug-personalized-gifts/933519878665,0,0,,
927680337414,"hand stamped silverware and personalized gifts",https://www.pinterest.com/ideas/hand-stamped-silverware-and-personalized-gifts/927680337414,0,0,,
930067858185,"personalized succulent plant gifts",https://www.pinterest.com/ideas/personalized-succulent-plant-gifts/930067858185,0,0,,
929700644000,"personalized gifts for dinner parties",https://www.pinterest.com/ideas/personalized-gifts-for-dinner-parties/929700644000,0,0,,
928046088815,"pretty personalized gifts for women",https://www.pinterest.com/ideas/pretty-personalized-gifts-for-women/928046088815,0,0,,
932363353850,"inspirational personalized gifts",https://www.pinterest.com/ideas/inspirational-personalized-gifts/932363353850,0,0,,"small thoughtful gifts (https://app.pinclicks.com/keyword/small-thoughtful-gifts/958262395354)
personalized gifts for him (https://app.pinclicks.com/keyword/personalized-gifts-for-him/950058489142)
customised gift ideas (https://app.pinclicks.com/keyword/customised-gift-ideas/955467821877)
personalized birthday gifts (https://app.pinclicks.com/keyword/personalized-birthday-gifts/921799133361)
personal gift ideas (https://app.pinclicks.com/keyword/personal-gift-ideas/940614352695)
teacher appreciation ideas (https://app.pinclicks.com/keyword/teacher-appreciation-ideas/897168360916)
customised gifts for him (https://app.pinclicks.com/keyword/customised-gifts-for-him/935828566100)
personalized gift ideas (https://app.pinclicks.com/keyword/personalized-gift-ideas/954461280635)
thoughtful gift ideas (https://app.pinclicks.com/keyword/thoughtful-gift-ideas/928957749526)
meaningful christmas gifts (https://app.pinclicks.com/keyword/meaningful-christmas-gifts/917433144292)"
961637430098,"mother daughter personalized gifts",https://www.pinterest.com/ideas/mother-daughter-personalized-gifts/961637430098,0,0,,"gift ideas for grown daughter (https://app.pinclicks.com/keyword/gift-ideas-for-grown-daughter/940022676760)
precious daughter gifts (https://app.pinclicks.com/keyword/precious-daughter-gifts/908261623763)
thoughtful gifts for mom from daughter (https://app.pinclicks.com/keyword/thoughtful-gifts-for-mom-from-daughter/923935525157)
mother daughter crafts (https://app.pinclicks.com/keyword/mother-daughter-crafts/930501322306)
bday gifts for daughter (https://app.pinclicks.com/keyword/bday-gifts-for-daughter/951425564813)
daughter birthday gift ideas (https://app.pinclicks.com/keyword/daughter-birthday-gift-ideas/959506008394)
mommy and me gifts (https://app.pinclicks.com/keyword/mommy-and-me-gifts/894430458112)
personalized gifts for mom (https://app.pinclicks.com/keyword/personalized-gifts-for-mom/916424259142)"
960015488694,"personalized yankees gifts",https://www.pinterest.com/ideas/personalized-yankees-gifts/960015488694,0,0,,"yankees man cave ideas (https://app.pinclicks.com/keyword/yankees-man-cave-ideas/900000265343)
new york yankees party supplies (https://app.pinclicks.com/keyword/new-york-yankees-party-supplies/957742417626)
yankees flag (https://app.pinclicks.com/keyword/yankees-flag/945488095583)
ny yankees birthday party (https://app.pinclicks.com/keyword/ny-yankees-birthday-party/940542883551)
new york yankees birthday decorations (https://app.pinclicks.com/keyword/new-york-yankees-birthday-decorations/934045030656)
new york yankees ornaments (https://app.pinclicks.com/keyword/new-york-yankees-ornaments/911416448099)
yankees nursery (https://app.pinclicks.com/keyword/yankees-nursery/958042891254)
yankees apparel (https://app.pinclicks.com/keyword/yankees-apparel/958971883074)
custom baseball gifts (https://app.pinclicks.com/keyword/custom-baseball-gifts/935449325719)
new york yankees party ideas (https://app.pinclicks.com/keyword/new-york-yankees-party-ideas/937850038623)"
927638724433,"personalized military birthday gifts",https://www.pinterest.com/ideas/personalized-military-birthday-gifts/927638724433,0,0,,
900079631802,"religious personalized wedding gifts",https://www.pinterest.com/ideas/religious-personalized-wedding-gifts/900079631802,0,0,,
903626868177,"personalized memorial pet gifts",https://www.pinterest.com/ideas/personalized-memorial-pet-gifts/903626868177,0,0,,"memorial gift for cat lover (https://app.pinclicks.com/keyword/memorial-gift-for-cat-lover/958499745267)
pet loss gift ideas (https://app.pinclicks.com/keyword/pet-loss-gift-ideas/912590348826)
memorial ideas for pets (https://app.pinclicks.com/keyword/memorial-ideas-for-pets/894589090283)
unique pet memorial ideas (https://app.pinclicks.com/keyword/unique-pet-memorial-ideas/896140003547)
gift for someone who lost a pet (https://app.pinclicks.com/keyword/gift-for-someone-who-lost-a-pet/932321284422)
memorial decor for pet lovers (https://app.pinclicks.com/keyword/memorial-decor-for-pet-lovers/952497174225)
ideas for pet remembrance (https://app.pinclicks.com/keyword/ideas-for-pet-remembrance/935696153163)
diy pet memory gift ideas (https://app.pinclicks.com/keyword/diy-pet-memory-gift-ideas/946100979818)
cat memorial keepsakes (https://app.pinclicks.com/keyword/cat-memorial-keepsakes/947648225812)
memorial for deceased pets (https://app.pinclicks.com/keyword/memorial-for-deceased-pets/933871075542)"
919314980558,"gifts for boyfriend personalized",https://www.pinterest.com/ideas/gifts-for-boyfriend-personalized/919314980558,,,,
901285833515,"diy gifts personalized",https://www.pinterest.com/ideas/diy-gifts-personalized/901285833515,,,,
908103759291,"wedding personalized gifts",https://www.pinterest.com/ideas/wedding-personalized-gifts/908103759291,,,,
942619812666,"valentines gifts personalized",https://www.pinterest.com/ideas/valentines-gifts-personalized/942619812666,,,,
926547795343,"Personalized gifts",https://www.pinterest.com/ideas/personalized-gifts/926547795343,,,,
929563554617,"mothers day gifts personalized",https://www.pinterest.com/ideas/mothers-day-gifts-personalized/929563554617,,,,
961864763664,"personalized dog gifts",https://www.pinterest.com/ideas/personalized-dog-gifts/961864763664,,,,
961958397233,"personalized dollar tree gifts",https://www.pinterest.com/ideas/personalized-dollar-tree-gifts/961958397233,,,,
921650978173,"valentine personalized gifts",https://www.pinterest.com/ideas/valentine-personalized-gifts/921650978173,,,,
923526764901,"diy christmas gifts personalized",https://www.pinterest.com/ideas/diy-christmas-gifts-personalized/923526764901,,,,
955595981835,"engagement personalized gifts",https://www.pinterest.com/ideas/engagement-personalized-gifts/955595981835,,,,
893604429469,"personalized gifts best friend",https://www.pinterest.com/ideas/personalized-gifts-best-friend/893604429469,,,,
948441845536,"bridal shower personalized gifts",https://www.pinterest.com/ideas/bridal-shower-personalized-gifts/948441845536,,,,
941882796326,"teacher gifts personalized",https://www.pinterest.com/ideas/teacher-gifts-personalized/941882796326,,,,
936901018727,"bachelorette personalized gifts",https://www.pinterest.com/ideas/bachelorette-personalized-gifts/936901018727,,,,
936469478484,"graduation personalized gifts",https://www.pinterest.com/ideas/graduation-personalized-gifts/936469478484,,,,
930616919749,"easter personalized gifts",https://www.pinterest.com/ideas/easter-personalized-gifts/930616919749,,,,
930688247542,"personalized handmade gifts",https://www.pinterest.com/ideas/personalized-handmade-gifts/930688247542,,,,
925346705212,"father’s day personalized gifts",https://www.pinterest.com/ideas/fathers-day-personalized-gifts/925346705212,,,,
928845351045,"pet personalized gifts",https://www.pinterest.com/ideas/pet-personalized-gifts/928845351045,,,,
